,title,address,price(w),unit_price,purpose,area(ping)),age,floor,url
0,013近捷運~三房美寓一卡皮箱入住,蘆洲區民族路,1068,,公寓,30.25,3房2廳2衛,38.6年,https://www.rakuya.com.tw/sell_item/info?ehid=017ffc134501234&from=list_prior
1,蘆洲萬中選一捷運景觀3房坡平車,萬信家園蘆洲區三民路,1498,37.56萬/坪,電梯大廈,39.88,3房2廳2衛,25.8年,https://vip.rakuya.com.tw/0926567926
2,新上架407.長興邊間美3房,蘆洲區長興路,1380,,電梯大廈,32,3房2廳2衛,17年,https://www.rakuya.com.tw/sell_item/info?ehid=00e5fd13720932f&from=list_regular
3,新上架B29長榮前後陽台美寓,蘆洲區長安街,1098,33.87萬/坪,公寓,32.42,3房2廳2衛,32年,https://www.rakuya.com.tw/sell_item/info?ehid=0d62cb137313946&from=list_regular
4,新上架三民捷運 低總價邊間超大3房美寓,蘆洲區民義街,1180,,公寓,33.02,3房2廳2衛,33.9年,https://www.rakuya.com.tw/sell_item/info?ehid=0a544713734517d&from=list_regular
5,新上架永安金典高樓美廈,蘆洲區永安南路,1330,,電梯大廈,33.66,2房2廳2衛,23年,https://www.rakuya.com.tw/sell_item/info?ehid=0491ee137334312&from=list_regular
6,新上架前後陽台方正屋,蘆洲區長安街,1058,,公寓,28.32,3房2廳2衛,32.4年,https://www.rakuya.com.tw/sell_item/info?ehid=0975fe13734561a&from=list_regular
7,新上架544-蘆洲精華光華路地球村高樓優質3房,地球村蘆洲區光華路,1238,47.02萬/坪,電梯大廈,26.33,3房2廳2衛,27.8年,https://www.rakuya.com.tw/sell_item/info?ehid=014d79137323990&from=list_regular
8,新上架蘆洲仁愛好停車面寬大一樓,三多立2期蘆洲區仁愛街,1280,45.15萬/坪,電梯大廈,28.35,3房2廳1衛,22.6年,https://www.rakuya.com.tw/sell_item/info?ehid=052168137250834&from=list_regular
9,新上架B01佳瑪商圈大空間4房美寓,蘆洲區長安街,1250,36.3萬/坪,公寓,34.44,4房2廳2衛,32.5年,https://www.rakuya.com.tw/sell_item/info?ehid=0a22b013725874b&from=list_regular
10,新上架K121佳瑪雅寓2樓,蘆洲區長安街,1250,,公寓,34.44,4房2廳2衛,32.5年,https://www.rakuya.com.tw/sell_item/info?ehid=0eec0c137235472&from=list_regular
11,新上架A40永康公園精緻美寓,蘆洲區長安街,1058,,公寓,28.32,3房2廳2衛,32.4年,https://www.rakuya.com.tw/sell_item/info?ehid=043d77137247848&from=list_regular
12,新上架超讚美屋!!徐匯捷運稀有四房黃金三樓,蘆洲區中山一路,1198,42.88萬/坪,公寓,27.94,4房2廳2衛,37.5年,https://store.rakuya.com.tw/0922456435
13,新上架佳瑪商圈★超大空間低總價4房公寓二樓,蘆洲區長安街,1250,,公寓,34.44,4房2廳2衛,32.5年,https://www.rakuya.com.tw/sell_item/info?ehid=02c16f137262967&from=list_regular
14,新上架B02捷運邊間貳樓提款機,蘆洲區三民路,1420,41.36萬/坪,公寓,34.33,5房5廳5衛,32.7年,https://www.rakuya.com.tw/sell_item/info?ehid=0f0ad013726210b&from=list_regular
15,新上架A99捷運高投報金雞母,蘆洲區正和街,1246,,公寓,24.99,3房3廳3衛,44.8年,https://www.rakuya.com.tw/sell_item/info?ehid=098833137258767&from=list_regular
16,新上架成功美寓三房前後陽台,蘆洲區長安街,1058,37.36萬/坪,公寓,28.32,3房2廳2衛,32.4年,https://store.rakuya.com.tw/0935080919
17,新上架捷運低總價電梯3房,蘆洲區光華路,1238,,電梯大廈,26.42,3房2廳1衛,27.8年,https://www.rakuya.com.tw/sell_item/info?ehid=0c36e6137210371&from=list_regular
18,新上架光華精緻3房 光華市中心 方正3房 生活機能好 採光通風棒,蘆洲區光華路,1150,,電梯大廈,22.98,3房1廳1衛,24年,https://www.rakuya.com.tw/sell_item/info?ehid=0df5a4137197651&from=list_regular
19,新上架邊間五套房,蘆洲區仁愛街,1380,42.29萬/坪,公寓,32.63,5房5衛,37.3年,https://www.rakuya.com.tw/sell_item/info?ehid=0f488d137204709&from=list_regular
20,新上架036-蘆洲精華地區精緻、溫馨、明亮美三房,蘆洲區民權路,1218,40.67萬/坪,公寓,29.95,3房2廳2衛,41.9年,https://www.rakuya.com.tw/sell_item/info?ehid=08833b13716936b&from=list_regular
21,新上架長安2樓雅寓,蘆洲區長安街,1250,36.3萬/坪,公寓,34.44,4房2廳2衛,32.5年,https://store.rakuya.com.tw/0935080919
22,新上架成功國小新裝潢電梯四房,蘆洲區長安街,1458,,華廈,34.98,4房2廳2衛,22.2年,https://www.rakuya.com.tw/sell_item/info?ehid=0fc7b5137210367&from=list_regular
23,新上架美麗大三房雙衛浴,蘆洲區復興路,1230,35.69萬/坪,公寓,34.46,3房2廳2衛,31.1年,https://www.rakuya.com.tw/sell_item/info?ehid=010b7913699709e&from=list_regular
24,新上架專任復興華廈,常勝江山蘆洲區復興路,1498,,電梯大廈,33.03,3房2廳2衛,16.2年,https://www.rakuya.com.tw/sell_item/info?ehid=0df11c13723289a&from=list_regular
25,新上架544-蘆洲精華光華路地球村高樓優質3房,地球村蘆洲區光華路,1238,47.02萬/坪,電梯大廈,26.33,3房2廳2衛,27.8年,https://www.rakuya.com.tw/sell_item/info?ehid=04f2d6137171671&from=list_regular
26,新上架020長安優質3房美寓,蘆洲區長安街,1058,,公寓,28.32,3房2廳2衛,32.4年,https://www.rakuya.com.tw/sell_item/info?ehid=0c9b0813718377f&from=list_regular
27,新上架181重劃區邊間方正5+6,蘆洲區中正路,1298,,公寓,29.59,3房2廳2衛,34.3年,https://www.rakuya.com.tw/sell_item/info?ehid=0d42bf137183755&from=list_regular
28,新上架▉▉有巢氏菜寮店▉▉長安街方正漂亮美3房,蘆洲區長安街,1058,37.36萬/坪,公寓,28.32,3房2廳2衛,32年,https://vip.rakuya.com.tw/0918848183
29,新上架中原低公設華廈,蘆洲區中原路,1398,,電梯大廈,35.66,3房2廳2衛,24.3年,https://www.rakuya.com.tw/sell_item/info?ehid=09773e13723292e&from=list_regular
30,新上架超讚美屋!!徐匯捷運稀有四房黃金三樓,蘆洲區中山一路,1198,42.88萬/坪,公寓,27.94,4房2廳2衛,37.5年,https://www.rakuya.com.tw/sell_item/info?ehid=0990cf137176994&from=list_regular
31,新上架K049長安美妝雅寓,蘆洲區長安街,1058,37.35萬/坪,公寓,28.32,3房2廳2衛,32.4年,https://www.rakuya.com.tw/sell_item/info?ehid=0fe297137040108&from=list_regular
32,新上架長安商圈陽台美寓,蘆洲區長安街,1058,37.36萬/坪,公寓,28.32,3房2廳2衛,32.4年,https://www.rakuya.com.tw/sell_item/info?ehid=0cadcd137197459&from=list_regular
33,新上架K23-長安美寓3房,蘆洲區長安街,1058,,公寓,28.32,3房2廳2衛,32.4年,https://www.rakuya.com.tw/sell_item/info?ehid=07e6fb13713121f&from=list_regular
34,新上架C05集賢大第溫馨美大三房,蘆洲區集賢路,1450,49.17萬/坪,電梯大廈,29.49,3房2廳1衛,24.5年,https://www.rakuya.com.tw/sell_item/info?ehid=0a3b94137071656&from=list_regular
35,新上架K79-三民捷運2房車,蘆洲區民權路,1388,,電梯大廈,38.87,2房2廳2衛,18.9年,https://www.rakuya.com.tw/sell_item/info?ehid=0de7fe137131202&from=list_regular
36,新上架三民中學捷運站全新裝潢無公設電梯公寓,蘆洲區復興路,1368,49.48萬/坪,電梯大廈,27.65,3房2廳2衛,36.8年,https://vip.rakuya.com.tw/0926567926
37,新上架長安香奈兒,蘆洲區長安街,1058,,公寓,28.32,3房2廳2衛,32.4年,https://store.rakuya.com.tw/0989269361
38,新上架E02長榮商圈人見人愛美宅,蘆洲區長安街,1058,,公寓,28.32,3房2廳2衛,32.4年,https://www.rakuya.com.tw/sell_item/info?ehid=0cf97213709467c&from=list_regular
39,新上架地球村三民捷運站光華商圈電梯三房,地球村蘆洲區光華路,1238,47.02萬/坪,電梯大廈,26.33,3房1廳1衛,27.8年,https://vip.rakuya.com.tw/0926567926
40,新上架捷運學區精緻3樓,蘆洲區中正路,1050,,公寓,22.39,2房2廳2衛,42.9年,https://www.rakuya.com.tw/sell_item/info?ehid=01b76f137079256&from=list_regular
41,新上架3 樓全新裝潢美寓,蘆洲區鷺江街,1050,49.59萬/坪,公寓,21.18,3房1廳2衛,45.8年,https://www.rakuya.com.tw/sell_item/info?ehid=0ca203137042987&from=list_regular
42,新上架544-蘆洲精華光華路地球村高樓優質3房,地球村蘆洲區光華路,1238,47.02萬/坪,電梯大廈,26.33,3房2廳2衛,27.8年,https://www.rakuya.com.tw/sell_item/info?ehid=01579813704414a&from=list_regular
43,新上架長安方正美寓,蘆洲區長安街,1058,,公寓,28.32,3房2廳2衛,32.4年,https://www.rakuya.com.tw/sell_item/info?ehid=066f4613699924a&from=list_regular
44,新上架和平喜氣4房有露台,蘆洲區和平路,1450,,電梯大廈,35.25,4房2廳2衛,23.9年,https://www.rakuya.com.tw/sell_item/info?ehid=0a3f45136610034&from=list_regular
45,新上架蘆洲長安低公設比華廈大三房,蘆洲區長安街,1480,34.37萬/坪,電梯大廈,43.06,3房2廳2衛,30.3年,https://www.rakuya.com.tw/sell_item/info?ehid=00b01513701890d&from=list_regular
46,新上架光明193-捷運學區美三樓,蘆洲區民權路,1148,,公寓,24.81,4房2廳2衛,39.5年,https://www.rakuya.com.tw/sell_item/info?ehid=093fe513662759d&from=list_regular
47,新上架蘆洲國小景觀3房,蘆洲區光華路,1238,,電梯大廈,26.33,3房1廳1衛,27.8年,https://www.rakuya.com.tw/sell_item/info?ehid=04a512136769689&from=list_regular
48,新上架蘆洲光華電梯高樓三房,蘆洲區光華路,1238,,電梯大廈,26.32,3房2廳1衛,27.8年,https://www.rakuya.com.tw/sell_item/info?ehid=06f0f3136764535&from=list_regular
49,新上架蘆洲長安低公設比華廈大三房,蘆洲區長安街,1480,34.37萬/坪,電梯大廈,43.06,3房2廳2衛,30.3年,https://www.rakuya.com.tw/sell_item/info?ehid=027a0f137052614&from=list_regular
50,新上架超讚美屋!!徐匯捷運稀有四房黃金三樓,蘆洲區中山一路,1198,42.88萬/坪,公寓,27.94,4房2廳2衛,37.5年,https://www.rakuya.com.tw/sell_item/info?ehid=06f286137043886&from=list_regular
51,新上架036-蘆洲精華地區精緻、溫馨、明亮美三房,蘆洲區民權路,1218,40.67萬/坪,公寓,29.95,3房2廳2衛,41.9年,https://www.rakuya.com.tw/sell_item/info?ehid=09a04a137044190&from=list_regular
52,新上架(252)成功國小大四房,蘆洲區長安街,1480,42.3萬/坪,電梯大廈,34.99,4房2廳2衛,22.2年,https://www.rakuya.com.tw/sell_item/info?ehid=0f627413689057a&from=list_regular
53,新上架三民高中捷運露台溫馨房,蘆洲區復興路,1300,,電梯大廈,24.54,1房2廳1衛,6.4年,https://www.rakuya.com.tw/sell_item/info?ehid=0f163d136748246&from=list_regular
54,新上架K626光華商圈收租屋,蘆洲區正和街,1246,49.86萬/坪,公寓,24.99,3房3廳3衛,44.8年,https://www.rakuya.com.tw/sell_item/info?ehid=0b786b13696936b&from=list_regular
55,新上架成功國小大四房,蘆洲區長安街,1480,42.3萬/坪,電梯大廈,34.99,4房2廳2衛,22.2年,https://www.rakuya.com.tw/sell_item/info?ehid=022084136996833&from=list_regular
56,新上架K620總站收租五套房,蘆洲區三民路,1420,41.36萬/坪,公寓,34.33,5房5廳5衛,32.7年,https://www.rakuya.com.tw/sell_item/info?ehid=036723136969358&from=list_regular
57,新上架成功國小大四房,蘆洲區長安街,1480,42.3萬/坪,電梯大廈,34.99,4房2廳2衛,22.2年,https://www.rakuya.com.tw/sell_item/info?ehid=00bedd13699331f&from=list_regular
58,新上架中正三樓學區捷運美寓,蘆洲區中正路,1050,,公寓,22.39,3房2廳2衛,42.9年,https://www.rakuya.com.tw/sell_item/info?ehid=07eaee136946845&from=list_regular
59,新上架麥當勞華廈三加一房,蘆洲區長安街,1480,34.37萬/坪,電梯大廈,43.06,3房2廳2衛,30.2年,https://www.rakuya.com.tw/sell_item/info?ehid=0b7051137001322&from=list_regular
60,新上架徐匯捷運邊間美寓,蘆洲區信義路,1158,37.51萬/坪,公寓,30.87,4房4衛,36.7年,https://www.rakuya.com.tw/sell_item/info?ehid=09169f136999970&from=list_regular
61,新上架067佳瑪和平四房美廈,蘆洲區和平路,1450,,華廈,35.25,4房2廳2衛,23.9年,https://www.rakuya.com.tw/sell_item/info?ehid=082bed136889439&from=list_regular
62,新上架3F33蘆洲二樓住店辦,蘆洲區永平街,1280,,公寓,34,3房2廳1衛,31.4年,https://store.rakuya.com.tw/82524568
63,新上架109雙捷邊間美廈,蘆洲區三民路,1368,42.62萬/坪,電梯大廈,32.1,3房1廳2衛,25年,https://www.rakuya.com.tw/sell_item/info?ehid=0cf3ae13688166e&from=list_regular
64,新上架065長安街大坪數頂加,蘆洲區長安街,1498,,公寓,45.15,3房2廳2衛,28.4年,https://www.rakuya.com.tw/sell_item/info?ehid=0578e613688944f&from=list_regular
65,新上架115蘆洲捷運精緻3樓美寓,蘆洲區中正路,1050,,公寓,22.39,3房2廳2衛,42.9年,https://www.rakuya.com.tw/sell_item/info?ehid=0dbd3913688937f&from=list_regular
66,新上架2030空大亮麗三樓,蘆洲區中正路,1050,46.9萬/坪,公寓,22.39,3房2廳2衛,42.9年,https://www.rakuya.com.tw/sell_item/info?ehid=0e302313689074f&from=list_regular
67,新上架A13三民高中捷運宅,蘆洲區復興路,1398,44.47萬/坪,公寓,31.44,3房2廳2衛,32.5年,https://www.rakuya.com.tw/sell_item/info?ehid=0975bf136885683&from=list_regular
68,新上架蘆洲長安精緻大三房,蘆洲區長安街,1058,,公寓,28.32,3房2廳2衛,32.4年,https://www.rakuya.com.tw/sell_item/info?ehid=0d1d37136969533&from=list_regular
69,新上架(85)佳瑪商圈方正美屋,蘆洲區長安街,1058,37.36萬/坪,公寓,28.32,3房2廳2衛,32.4年,https://www.rakuya.com.tw/sell_item/info?ehid=0bd2a7136928355&from=list_regular
70,新上架C88長安商圈低總3房華廈,蘆洲區長安街,1188,38.55萬/坪,電梯大廈,30.82,3房2廳2衛,22.3年,https://www.rakuya.com.tw/sell_item/info?ehid=0b40d713689989e&from=list_regular
71,新上架鷺江國小兩房車,蘆洲區民權路,1388,35.72萬/坪,電梯大廈,38.86,2房2廳1衛,18.9年,https://store.rakuya.com.tw/0935080919
72,新上架蘆洲國中美三房,蘆洲區中正路,1050,46.9萬/坪,公寓,22.39,3房2廳2衛,42.9年,https://store.rakuya.com.tw/0935080919
73,新上架成功國小大四房,蘆洲區長安街,1480,42.3萬/坪,電梯大廈,34.99,4房2廳2衛,22.2年,https://www.rakuya.com.tw/sell_item/info?ehid=058a4613684448e&from=list_regular
74,新上架麥當勞華廈三加一房,蘆洲區長安街,1480,34.37萬/坪,電梯大廈,43.06,3房2廳2衛,30.2年,https://www.rakuya.com.tw/sell_item/info?ehid=0afece13684288d&from=list_regular
75,新上架和平路收租五套房,蘆洲區和平路,1280,45.73萬/坪,公寓,27.99,5房5衛,35.3年,https://www.rakuya.com.tw/sell_item/info?ehid=0ada8713684169d&from=list_regular
76,新上架徐匯捷運邊間美寓,蘆洲區信義路,1158,37.51萬/坪,公寓,30.87,4房4衛,36.7年,https://www.rakuya.com.tw/sell_item/info?ehid=08a68e136841579&from=list_regular
77,新上架住商荻荻----地球村三房,地球村(光華路)蘆洲區光華路,1238,47.04萬/坪,電梯大廈,26.32,3房1廳1衛,27年,https://www.rakuya.com.tw/sell_item/info?ehid=0a9ede136819884&from=list_regular
78,新上架屋主決心要賣~蘆洲捷運學區大三~低公設~出價就談,翰林天下蘆洲區永樂街,1380,,電梯大廈,36.7,3房2廳2衛,5個月,https://vip.rakuya.com.tw/0973527768
79,新上架K96-成功國小四房電梯,蘆洲區長安街,1458,,華廈,34.98,4房1廳2衛,22.2年,https://www.rakuya.com.tw/sell_item/info?ehid=0f7acb136808683&from=list_regular
80,新上架光明65-黃金收租寶,蘆洲區永平街,1348,,公寓,36.45,5房5衛,33年,https://www.rakuya.com.tw/sell_item/info?ehid=020a7a136637411&from=list_regular
81,新上架光晟團隊~永樂大鼎加5+6~獨家獨家,蘆洲區永樂街,1050,27.76萬/坪,公寓,37.82,4房2廳2衛,29年,https://www.rakuya.com.tw/sell_item/info?ehid=0a4ba913681181a&from=list_regular
82,新上架K120高樓景觀電梯三房,蘆洲區光華路,1238,47.02萬/坪,電梯大廈,26.33,3房2廳1衛,27.8年,https://www.rakuya.com.tw/sell_item/info?ehid=05c7a813661200c&from=list_regular
83,新上架A01地球村景觀精品屋,蘆洲區光華路,1238,,電梯大廈,26.33,3房2廳1衛,27.8年,https://www.rakuya.com.tw/sell_item/info?ehid=06c9f6136835008&from=list_regular
84,新上架K95-捷運採光3房,蘆洲區光華路,1238,,電梯大廈,26.33,3房1廳1衛,27.8年,https://www.rakuya.com.tw/sell_item/info?ehid=09d7b1136729448&from=list_regular
85,新上架311蘆洲捷運全新裝潢美3房,蘆洲區永平街,1298,43.55萬/坪,電梯大廈,29.8,3房2廳2衛,28.9年,https://www.rakuya.com.tw/sell_item/info?ehid=074a13136439599&from=list_regular
86,新上架蘆洲長安街電梯三房,蘆洲區長安街,1188,,華廈,30.81,3房2廳2衛,22.3年,https://www.rakuya.com.tw/sell_item/info?ehid=09564b13677658e&from=list_regular
87,新上架 ▉▉有巢氏菜寮店▉▉光華路地球村電梯景觀3房,地球村(光華路)蘆洲區光華路,1238,47.02萬/坪,電梯大廈,26.33,3房1廳1衛,27年,https://vip.rakuya.com.tw/0918848183
88,新上架稀有獨棟大戶二樓,蘆洲區中正路,1500,,公寓,46.86,4房1廳1衛,34.7年,https://www.rakuya.com.tw/sell_item/info?ehid=0da1ce13678928c&from=list_regular
89,新上架地球村三民捷運站光華商圈電梯三房,地球村蘆洲區光華路,1238,47.02萬/坪,電梯大廈,26.33,3房1廳1衛,27.8年,https://vip.rakuya.com.tw/0938381981
90,新上架地球村小資三房,蘆洲區光華路,1238,,電梯大廈,26.33,3房2廳2衛,27.8年,https://store.rakuya.com.tw/0989269361
91,新上架三民高中邊間二樓,蘆洲區民權路,1280,,公寓,32.11,4房2廳3衛,33.4年,https://www.rakuya.com.tw/sell_item/info?ehid=0e8eb113678990a&from=list_regular
92,新上架蘆洲地球村景觀三房,蘆洲區光華路,1238,,電梯大廈,26.32,3房1廳1衛,27.8年,https://www.rakuya.com.tw/sell_item/info?ehid=0ffe2813677659c&from=list_regular
93,新上架蘆洲三民捷運3房,蘆洲區復興路,1398,44.47萬/坪,公寓,31.44,3房2廳2衛,32.5年,https://www.rakuya.com.tw/sell_item/info?ehid=0e95d313676657a&from=list_regular
94,新上架C26近重劃區高樓景觀三房,蘆洲區光華路,1238,47.01萬/坪,電梯大廈,26.33,3房1廳1衛,27.8年,https://www.rakuya.com.tw/sell_item/info?ehid=0acc3513674653a&from=list_regular
95,新上架A62捷運高投報收租金雞母,蘆洲區永平街,1348,36.98萬/坪,公寓,36.45,5房5衛,33年,https://www.rakuya.com.tw/sell_item/info?ehid=010d6b136741609&from=list_regular
96,新上架2014地球村景觀三房,蘆洲區光華路,1238,47.04萬/坪,電梯大廈,26.32,3房2廳1衛,27.8年,https://www.rakuya.com.tw/sell_item/info?ehid=0ec13613676678b&from=list_regular
97,新上架中正路優質2樓店面,蘆洲區中正路,1300,,公寓,30.25,1衛,44.6年,https://www.rakuya.com.tw/sell_item/info?ehid=0a09cb136652109&from=list_regular
98,新上架面樹海˙得勝大戶,富比市蘆洲區得勝街,1498,,電梯大廈,40.65,3房2廳2衛,21.2年,https://www.rakuya.com.tw/sell_item/info?ehid=0684b7136726666&from=list_regular
99,新上架長安電梯一層一戶,蘆洲區長安街,1288,,電梯大廈,32.82,3房2廳2衛,6.9年,https://www.rakuya.com.tw/sell_item/info?ehid=0398b613672763b&from=list_regular
100,新上架方正四房公寓二樓,蘆洲區中興街,1200,,公寓,26.11,4房2廳2衛,36.3年,https://www.rakuya.com.tw/sell_item/info?ehid=0cbb2a13672682e&from=list_regular
101,新上架116佳瑪美寓邊間金雞母,蘆洲區光華路,1098,,公寓,25.11,2房2廳2衛,42.5年,https://www.rakuya.com.tw/sell_item/info?ehid=0128a9136656567&from=list_regular
102,新上架地球景觀3房,蘆洲區光華路,1238,47.02萬/坪,電梯大廈,26.33,3房1廳1衛,27.8年,https://store.rakuya.com.tw/0935080919
103,新上架地球村景觀3房,地球村(光華路)蘆洲區光華路,1238,47.02萬/坪,電梯大廈,26.33,3房1廳1衛,27年,https://www.rakuya.com.tw/sell_item/info?ehid=0905e1136608663&from=list_regular
104,新上架010地球村高樓景觀精緻3房,蘆洲區光華路,1238,,電梯大廈,26.33,3房1廳1衛,27.8年,https://www.rakuya.com.tw/sell_item/info?ehid=0c9b69136584453&from=list_regular
105,新上架民族邊間裝潢美寓,蘆洲區民族路,1230,,公寓,30.8,3房2廳2衛,31.7年,https://www.rakuya.com.tw/sell_item/info?ehid=0ff020136589592&from=list_regular
106,超低總價電梯三房,蘆洲區光華路,1238,47.02萬/坪,電梯大廈,26.33,3房1廳1衛,27年,https://www.rakuya.com.tw/sell_item/info?ehid=03866b136509126&from=list_regular
107,新上架地球村觀景三房,地球村蘆洲區光華路,1238,47.02萬/坪,電梯大廈,26.33,3房1廳1衛,27年,https://www.rakuya.com.tw/sell_item/info?ehid=0595b013653666f&from=list_regular
108,三民高中邊間美三房,蘆洲區民權路,1218,,公寓,29.95,3房2廳2衛,41.9年,https://www.rakuya.com.tw/sell_item/info?ehid=05f90912903256e&from=list_regular
109,新上架中正三樓隨意窩,蘆洲區中正路,1050,,公寓,22.39,3房2廳2衛,42.9年,https://www.rakuya.com.tw/sell_item/info?ehid=0af00413655346b&from=list_regular
110,K737永安小資超優店面,蘆洲區永安南路二段,1038,55.26萬/坪,其他,18.79,1衛,13.2年,https://www.rakuya.com.tw/sell_item/info?ehid=02bed5129075041&from=list_regular
111,捷運民權3樓,蘆洲區民權路,1168,47.1萬/坪,公寓,24.8,4房2廳2衛,39.5年,https://store.rakuya.com.tw/0935080919
112,佳瑪高樓美3+1房,蘆洲區長安街,1398,43.78萬/坪,電梯大廈,31.93,4房2廳2衛,23.5年,https://store.rakuya.com.tw/0935080919
113,長安園中園3房+坡車,園中園蘆洲區長安街,1458,34.09萬/坪,電梯大廈,42.77,3房2廳2衛,24.2年,https://www.rakuya.com.tw/sell_item/info?ehid=026d8613384326d&from=list_regular
114,長安佳瑪電梯3房,好思家蘆洲區長安街,1298,,電梯大廈,42.26,3房2廳2衛,28.1年,https://www.rakuya.com.tw/sell_item/info?ehid=0e4e6913302214d&from=list_regular
115,光華二樓金雞母,蘆洲區光華路,1098,,公寓,22.99,4房4衛,40.8年,https://www.rakuya.com.tw/sell_item/info?ehid=0d4544131852218&from=list_regular
116,低公設三房電梯,蘆洲區長安街,1480,34.37萬/坪,電梯大廈,43.06,3房2廳2衛,30.1年,https://www.rakuya.com.tw/sell_item/info?ehid=01f79d13509252f&from=list_regular
117,近捷運收租藍海,蘆洲區民權路,1488,,電梯大廈,40.15,4房4衛,26.1年,https://www.rakuya.com.tw/sell_item/info?ehid=0f777d121098727&from=list_regular
118,典藏歐洲3房,蘆洲區永安南路二段,1280,38.31萬/坪,電梯大廈,33.41,3房2廳2衛,21.3年,https://store.rakuya.com.tw/0935080919
119,住商荻荻---信義收租寶,蘆洲區信義路,1158,43萬/坪,公寓,26.93,3房3廳3衛,39年,https://www.rakuya.com.tw/sell_item/info?ehid=038fd713620603c&from=list_regular
120,K021徐匯印鈔機,蘆洲區信義路,1158,43.01萬/坪,公寓,26.92,3房3衛,39.1年,https://www.rakuya.com.tw/sell_item/info?ehid=0620b913605046a&from=list_regular
121,A32近三民高中捷運站三房,蘆洲區復興路,1368,49.48萬/坪,公寓,27.65,3房2廳2衛,36.8年,https://www.rakuya.com.tw/sell_item/info?ehid=06ba51135570496&from=list_regular
122,近捷運站溫馨美寓,蘆洲區信義路,1088,,公寓,25.71,3房2廳1衛,39.8年,https://www.rakuya.com.tw/sell_item/info?ehid=04ca5a135221946&from=list_regular
123,114民族商圈優質美寓,蘆洲區民權路,1098,40.78萬/坪,公寓,26.92,3房2廳1衛,41.6年,https://www.rakuya.com.tw/sell_item/info?ehid=0237af134619476&from=list_regular
124,長安幸福3房,蘆洲區長安街,1150,,電梯大廈,33.29,3房2廳2衛,14.6年,https://www.rakuya.com.tw/sell_item/info?ehid=0f97bf134512424&from=list_regular
125,168成功大鎮中庭美妝電梯4房,蘆洲區長安街,1458,,華廈,34.98,4房2廳2衛,22.2年,https://www.rakuya.com.tw/sell_item/info?ehid=031fb3133707107&from=list_regular
126,蘆洲區捷運好宅三民路捷運蘆洲站旁中庭花園社區三房+平面車位,蘆洲區三民路,1498,,電梯大廈,39.88,3房2廳2衛,25.7年,https://www.rakuya.com.tw/sell_item/info?ehid=03589312855471e&from=list_regular
127,捷運邊間美3房,蘆洲區民權路,1218,,電梯大廈,29.95,3房2廳2衛,41.9年,https://www.rakuya.com.tw/sell_item/info?ehid=0e29b3135741234&from=list_regular
128,三民捷運邊間精美2樓,蘆洲區民權路,1198,,公寓,29.95,3房2廳2衛,41.9年,https://www.rakuya.com.tw/sell_item/info?ehid=047e8e133145395&from=list_regular
129,308麥當勞收租套房,蘆洲區長安街,1080,75.98萬/坪,電梯大廈,14.22,3房3衛,21.6年,https://www.rakuya.com.tw/sell_item/info?ehid=0c3296130247459&from=list_regular
130,中正公寓RC鼎加,蘆洲區中正路,1180,42.6萬/坪,公寓,27.7,6房4廳2衛,33.3年,https://store.rakuya.com.tw/0935080919
131,蘆洲長安街頂佳,蘆洲區長安街,1158,,公寓,40.35,3房2廳2衛,26.4年,https://www.rakuya.com.tw/sell_item/info?ehid=048f3713621158d&from=list_regular
132,2101三民高中捷運收租屋,蘆洲區三民路,1288,44.34萬/坪,公寓,29.05,3房3衛,35.4年,https://www.rakuya.com.tw/sell_item/info?ehid=0aa60613586428a&from=list_regular
133,成功國小明亮4房,蘆洲區長安街,1458,,華廈,34.98,4房2廳2衛,22.2年,https://www.rakuya.com.tw/sell_item/info?ehid=09b51d134849049&from=list_regular
134,2001仁愛國小美二樓,蘆洲區仁愛街,1098,49萬/坪,公寓,22.41,3房2廳2衛,37.3年,https://www.rakuya.com.tw/sell_item/info?ehid=01d387131967501&from=list_regular
135,423.復興邊間亮麗美3樓,蘆洲區復興路,1230,,公寓,34.46,3房2廳2衛,31.1年,https://www.rakuya.com.tw/sell_item/info?ehid=08afb3136222081&from=list_regular
136,506.仁愛國小面寬1樓,蘆洲區民族路,1298,,公寓,25.38,3房2廳2衛,31.8年,https://www.rakuya.com.tw/sell_item/info?ehid=06943e135923306&from=list_regular
137,428.長榮商圈電梯4房,蘆洲區長安街,1458,,電梯大廈,34.99,4房2廳2衛,22.2年,https://www.rakuya.com.tw/sell_item/info?ehid=0c197513366984e&from=list_regular
138,509.蘆洲國中優質3樓,蘆洲區光華路,1098,,公寓,28.23,4房2廳2衛,35.9年,https://www.rakuya.com.tw/sell_item/info?ehid=0bbeac128459065&from=list_regular
139,中原華廈金雞母,蘆洲區中原路,1400,,電梯大廈,32.27,4房4廳4衛,29.4年,https://www.rakuya.com.tw/sell_item/info?ehid=0ae876109934363&from=list_regular
140,永安靜巷方正大四房,蘆洲區永安南路二段,1198,33.6萬/坪,公寓,35.65,4房2廳2衛,32.2年,https://www.rakuya.com.tw/sell_item/info?ehid=0bf87f133518931&from=list_regular
141,邊間前後陽台光寓,蘆洲區長安街,1198,,公寓,40.23,4房2廳2衛,28.4年,https://www.rakuya.com.tw/sell_item/info?ehid=0ab11713346320a&from=list_regular
142,長安電梯三房,蘆洲區長安街,1188,,電梯大廈,30.82,3房2廳2衛,22.3年,https://www.rakuya.com.tw/sell_item/info?ehid=01869d133462727&from=list_regular
143,高投報收租屋,蘆洲區長安街,1198,36.45萬/坪,公寓,32.87,4房4衛,33.2年,https://store.rakuya.com.tw/0935080919
144,仁愛美美收租寶,蘆洲區仁愛街,1380,,公寓,32.63,5房4衛,37.3年,https://www.rakuya.com.tw/sell_item/info?ehid=0a806491065190&from=list_regular
145,近捷運經典之作,蘆洲區信義路,1450,,電梯大廈,25.77,1房2廳1衛,6.3年,https://www.rakuya.com.tw/sell_item/info?ehid=0fcde397907197&from=list_regular
146,蘆洲面寬１樓,三多利香奈兒蘆洲區仁愛街,1280,,電梯大廈,28.35,3房2廳1衛,22.6年,https://www.rakuya.com.tw/sell_item/info?ehid=0743cf99225101&from=list_regular
147,峰光高樓兩房車位,新峰光蘆洲區長興路,1498,,電梯大廈,32.8,2房2廳1衛,4.2年,https://www.rakuya.com.tw/sell_item/info?ehid=0ea41b9820686e&from=list_regular
148,頂好雅寓鼎佳露台,蘆洲區長安街,1180,38.16萬/坪,公寓,30.92,5房2廳3衛,33.1年,https://store.rakuya.com.tw/0935080919
149,捷運總站包租公,蘆洲區永平街,1500,41.15萬/坪,公寓,36.45,9房9衛,33年,https://store.rakuya.com.tw/0935080919
150,中原華廈三房,蘆洲區中原路,1398,39.21萬/坪,華廈,35.65,3房2廳2衛,24.3年,https://store.rakuya.com.tw/0935080919
151,三民捷運5+6,蘆洲區三民路,1160,38.64萬/坪,公寓,30.02,5房4廳3衛,34.5年,https://store.rakuya.com.tw/0935080919
152,永平收租3樓,蘆洲區永平街,1348,36.98萬/坪,公寓,36.45,5房5衛,33年,https://store.rakuya.com.tw/0935080919
153,成功國小精品4房,蘆洲區長安街,1480,42.3萬/坪,華廈,34.99,4房2廳2衛,22.2年,https://store.rakuya.com.tw/0935080919
154,頂好大空間3樓雅寓,蘆洲區中華街,1098,37.14萬/坪,公寓,29.56,3房2廳2衛,33.3年,https://store.rakuya.com.tw/0935080919
155,民族住辦一樓,蘆洲區民族路,1280,60.43萬/坪,公寓,21.18,43.9年,1樓/4樓,https://store.rakuya.com.tw/0935080919
156,民族邊間住辦一樓,蘆洲區民族路,1480,69.88萬/坪,公寓,21.18,43.9年,1樓/4樓,https://store.rakuya.com.tw/0935080919
157,鷺江國小2樓,蘆洲區民權路,1298,43.34萬/坪,公寓,29.95,3房2廳2衛,41.9年,https://store.rakuya.com.tw/0935080919
158,公寓2樓收租房,蘆洲區正和街,1200,37.08萬/坪,公寓,32.36,6房1廳2衛,38.8年,https://store.rakuya.com.tw/0935080919
159,中山天廈大空間7+8,蘆洲區中山一路,1380,28.09萬/坪,華廈,49.13,3房3衛,31.6年,https://store.rakuya.com.tw/0935080919
160,鳯翔邊間3房,蘆洲區民族路,1398,47.25萬/坪,電梯大廈,29.59,3房2廳1衛,22.2年,https://store.rakuya.com.tw/0935080919
161,集賢收租電梯4套房,蘆洲區集賢路,1490,46.14萬/坪,華廈,32.29,4房4衛,23.3年,https://store.rakuya.com.tw/0935080919
162,民族美寓3房,蘆洲區民族路,1038,32.89萬/坪,公寓,31.56,3房2廳2衛,33.2年,https://store.rakuya.com.tw/0935080919
163,蘆洲站三房車,蘆洲區仁愛街,1498,36.33萬/坪,電梯大廈,41.23,3房2廳2衛,22.4年,https://store.rakuya.com.tw/0935080919
164,光華美寓3樓,蘆洲區光華路,1138,44.26萬/坪,公寓,25.71,3房2廳2衛,42.5年,https://store.rakuya.com.tw/0935080919
165,長安收租1樓,蘆洲區長安街,1398,42.01萬/坪,華廈,33.28,3房3衛,14.6年,https://store.rakuya.com.tw/0935080919
166,忠義捷運邊間2F,蘆洲區永平街,1300,38.22萬/坪,公寓,34.01,3房1廳1衛,31.4年,https://store.rakuya.com.tw/0935080919
167,近捷運收租套房,蘆洲區三民路,1228,42.1萬/坪,公寓,29.17,6房6衛,35.4年,https://store.rakuya.com.tw/0935080919
168,民族捷運5套房,蘆洲區民族路,1380,47.77萬/坪,公寓,28.89,5房5衛,31.8年,https://store.rakuya.com.tw/0935080919
169,鷺江國小美寓,蘆洲區民族路,1098,31.66萬/坪,公寓,34.68,3房2廳2衛,33年,https://store.rakuya.com.tw/0935080919
170,長安3房美寓,蘆洲區長安街,1180,33.23萬/坪,公寓,35.51,3房2廳2衛,28.3年,https://store.rakuya.com.tw/0935080919
171,長安超便宜收租屋,蘆洲區長安街,1280,35.26萬/坪,公寓,36.3,5房5衛,26.3年,https://store.rakuya.com.tw/0935080919
172,全新裝潢高報酬3套房,蘆洲區信義路,1168,43.37萬/坪,公寓,26.93,3房3衛,39.1年,https://store.rakuya.com.tw/0935080919
173,131近捷運收租頂加,蘆洲區正和街,1246,,公寓,24.99,3房3衛,44.8年,https://www.rakuya.com.tw/sell_item/info?ehid=09276e9569541d&from=list_regular
174,K064三民捷運民權四房,蘆洲區民權路,1148,46.28萬/坪,公寓,24.81,4房2廳2衛,39.5年,https://www.rakuya.com.tw/sell_item/info?ehid=0a57d313589349e&from=list_regular
175,A038徐匯捷運收租4套房,蘆洲區民族路,1250,46.96萬/坪,公寓,26.62,4房4衛,40.2年,https://www.rakuya.com.tw/sell_item/info?ehid=066c4013477949b&from=list_regular
176,長安方正4房美廈,蘆洲區長安街,1480,,電梯大廈,43.06,4房2廳2衛,30.3年,https://www.rakuya.com.tw/sell_item/info?ehid=0a49e6106584893&from=list_regular
177,A78雙捷運採光佳三房美寓,蘆洲區成功路,1080,32.3萬/坪,公寓,33.44,3房2廳2衛,33.4年,https://www.rakuya.com.tw/sell_item/info?ehid=04b8ed132406147&from=list_regular
178,K822經典高樓景觀邊間3房,蘆洲區永安南路二段,1398,41.54萬/坪,電梯大廈,33.66,3房2廳2衛,23年,https://www.rakuya.com.tw/sell_item/info?ehid=08fd9813188076c&from=list_regular
179,2019李氏古厝美二樓,蘆洲區中正路,1290,50.29萬/坪,公寓,25.65,4房2廳2衛,33.3年,https://www.rakuya.com.tw/sell_item/info?ehid=0596d6131877274&from=list_regular
180,K012可停車住辦壹樓A,蘆洲區民族路,1280,60.45萬/坪,公寓,21.18,1衛,43.9年,https://www.rakuya.com.tw/sell_item/info?ehid=02e95f13168656c&from=list_regular
181,永安漂亮大空間,蘆洲區永安南路二段,1198,,公寓,35.65,4房2廳2衛,32.7年,https://www.rakuya.com.tw/sell_item/info?ehid=0d114f13145249a&from=list_regular
182,佳瑪百貨邊間3房電梯,蘆洲區長安街,1270,38.85萬/坪,電梯大廈,32.69,3房2廳2衛,29.4年,https://www.rakuya.com.tw/sell_item/info?ehid=058df5129875206&from=list_regular
183,蘆洲面寬低總價一樓,蘆洲區正和街,1088,,公寓,22.04,1房1廳1衛,36.1年,https://www.rakuya.com.tw/sell_item/info?ehid=0fed57128580851&from=list_regular
184,沐光靜巷住辦伍,蘆洲區民族路,1280,,公寓,21.18,2廳,43.9年,https://www.rakuya.com.tw/sell_item/info?ehid=0bd95613231282b&from=list_regular
185,(91)捷運收租三套房,蘆洲區信義路,1158,43.03萬/坪,公寓,26.91,3房3衛,39.1年,https://www.rakuya.com.tw/sell_item/info?ehid=0c551c136254182&from=list_regular
186,成功國小成功大鎮美四房屋況超好馬上可住,成功大鎮蘆洲區長安街,1458,41.67萬/坪,電梯大廈,34.99,4房2廳2衛,22.2年,https://vip.rakuya.com.tw/0926567926
187,光明100-復興獨戶三樓,蘆洲區復興路,1230,,公寓,34.46,3房2廳2衛,31.1年,https://www.rakuya.com.tw/sell_item/info?ehid=0875e913582486e&from=list_regular
188,美麗大三房雙衛浴,蘆洲區復興路,1230,,公寓,34.46,3房2廳2衛,31.1年,https://store.rakuya.com.tw/h073464437
189,成功國小大四房,蘆洲區長安街,1480,,電梯大廈,34.99,4房2廳2衛,22.2年,https://store.rakuya.com.tw/h073464437
190,麥當勞華廈三加一房,蘆洲區長安街,1480,,電梯大廈,43.06,3房2廳2衛,30.3年,https://store.rakuya.com.tw/h073464437
191,徐匯捷運邊間美寓,蘆洲區信義路,1158,,公寓,30.87,4房4衛,36.7年,https://store.rakuya.com.tw/h073464437
192,和平路收租五套房,蘆洲區和平路,1280,,公寓,27.99,5房5衛,35.3年,https://store.rakuya.com.tw/h073464437
193,A77佳瑪鼎嘉6房大坪數,蘆洲區長安街,1498,,公寓,45.15,3房2廳2衛,28.4年,https://www.rakuya.com.tw/sell_item/info?ehid=0a5f0b134590091&from=list_regular
194,精妝美寓大空間,蘆洲區和平路,1198,,公寓,28.23,3房2廳2衛,28.5年,https://www.rakuya.com.tw/sell_item/info?ehid=050d5c133860410&from=list_regular
195,徐匯大空間收租寶,蘆洲區信義路,1398,,公寓,27.83,3房2廳3衛,39.1年,https://www.rakuya.com.tw/sell_item/info?ehid=02aca3133808842&from=list_regular
196,現代金典高樓景觀三房,蘆洲區永安南路,1398,,電梯大廈,33.66,3房2廳2衛,23年,https://www.rakuya.com.tw/sell_item/info?ehid=0d9e96132315357&from=list_regular
197,K013三民高投報5套,蘆洲區信義路,1430,40.72萬/坪,公寓,35.11,5房5衛,34.1年,https://www.rakuya.com.tw/sell_item/info?ehid=045ce8130625593&from=list_regular
198,成功國小明亮4房,蘆洲區長安街,1458,,華廈,34.98,4房2廳2衛,22.2年,https://www.rakuya.com.tw/sell_item/info?ehid=09c30e136245563&from=list_regular
199,統才貴族小豪邸,統才泰邑蘆洲區復興路,1300,,電梯大廈,24.53,1房2廳1衛,6.4年,https://www.rakuya.com.tw/sell_item/info?ehid=0d667212955160c&from=list_regular
200,蘆洲捷運永平四房美廈、巷口7-11+公車站、近運動中心,蘆洲區永平街,1198,40.2萬/坪,電梯大廈,29.8,3房2廳2衛,28.5年,https://www.rakuya.com.tw/sell_item/info?ehid=0a319e12727327b&from=list_regular
201,104正和收租2樓美寓,蘆洲區正和街,1150,,公寓,32.37,6房2衛,38.8年,https://www.rakuya.com.tw/sell_item/info?ehid=07e710126925682&from=list_regular
202,K164黃金三角窗二樓,蘆洲區復興路,1198,37.36萬/坪,公寓,32.07,3房2廳1衛,39年,https://www.rakuya.com.tw/sell_item/info?ehid=0b9ff7117754261&from=list_regular
203,三民高中捷運4+5樓,蘆洲區中正路,1080,53.31萬/坪,公寓,20.26,4房4衛,40.8年,https://www.rakuya.com.tw/sell_item/info?ehid=08c96e92745029&from=list_regular
204,中山二路美寓二樓,蘆洲區中山二路,1200,,公寓,22.69,3房2廳3衛,39.5年,https://www.rakuya.com.tw/sell_item/info?ehid=03f6c0127089157&from=list_regular
205,A787蘆洲捷運美1F,蘆洲區中正路,1450,59.92萬/坪,公寓,24.2,2房2廳1衛,42.9年,https://www.rakuya.com.tw/sell_item/info?ehid=08ea7c134860811&from=list_regular
206,K009成功限定美華廈4房,蘆洲區長安街,1458,41.67萬/坪,電梯大廈,34.99,4房2廳2衛,22.2年,https://www.rakuya.com.tw/sell_item/info?ehid=0d01a813372414d&from=list_regular
207,典藏歐洲高樓景觀3房,典藏歐洲蘆洲區永安南路二段,1280,38.31萬/坪,電梯大廈,33.41,3房2廳2衛,20.5年,https://www.rakuya.com.tw/sell_item/info?ehid=0f454512732693b&from=list_regular
208,K715鷺江國小大3房,蘆洲區民族路,1050,30.27萬/坪,公寓,34.69,3房2廳2衛,33年,https://www.rakuya.com.tw/sell_item/info?ehid=0068a9102330505&from=list_regular
209,E194低公設華廈大3房,蘆洲區仁愛街,1358,40.84萬/坪,電梯大廈,33.25,3房2廳2衛,27.8年,https://store.rakuya.com.tw/0928803597
210,長安採光機能美寓,蘆洲區長安街,1480,,公寓,34.46,3房2廳2衛,31年,https://www.rakuya.com.tw/sell_item/info?ehid=03fb929442292a&from=list_regular
211,K25-捷運邊間3套,蘆洲區信義路,1158,,公寓,26.92,3房3衛,39.1年,https://www.rakuya.com.tw/sell_item/info?ehid=0b1bf7136312342&from=list_regular
212,A141高投報收租黃金屋,蘆洲區信義路,1388,,公寓,28.66,4房4衛,37.1年,https://www.rakuya.com.tw/sell_item/info?ehid=0d66c1129097909&from=list_regular
213,C202 溫馨家庭3房,蘆洲區長安街,1398,41.53萬/坪,華廈,33.66,3房1廳2衛,25.6年,https://vip.rakuya.com.tw/youi6986446138
214,永平商圈。收租寶,蘆洲區永平街,1500,,套房,36.45,5房5衛,33年,https://www.rakuya.com.tw/sell_item/info?ehid=03219813082891f&from=list_regular
215,蘆洲雅馬金雞母,蘆洲區長安街,1280,,公寓,33.06,4房4廳4衛,32.5年,https://www.rakuya.com.tw/sell_item/info?ehid=03c222109934226&from=list_regular
216,K011雙學區捷運靜巷美寓,蘆洲區中正路,1098,49.05萬/坪,公寓,22.39,3房2廳2衛,42.9年,https://www.rakuya.com.tw/sell_item/info?ehid=06122f13518714a&from=list_regular
217,近捷運站溫馨的家,蘆洲區信義路,1088,,公寓,25.71,3房2廳1衛,39.8年,https://www.rakuya.com.tw/sell_item/info?ehid=08563c134314350&from=list_regular
218,正和捷運高投報收租,蘆洲區正和街,1450,,公寓,32.67,5房5衛,38.8年,https://www.rakuya.com.tw/sell_item/info?ehid=066d51134257656&from=list_regular
219,捷運中正大空間2F,蘆洲區中正路,1290,50.3萬/坪,公寓,25.65,4房2廳2衛,33.3年,https://www.rakuya.com.tw/sell_item/info?ehid=0795f613187126a&from=list_regular
220,2020李氏古厝邊間四房,蘆洲區中正路,1290,49.69萬/坪,公寓,25.96,4房2廳2衛,33.3年,https://www.rakuya.com.tw/sell_item/info?ehid=04f1eb13188080e&from=list_regular
221,D25 民義邊間4房,蘆洲區民義街,1280,42.31萬/坪,公寓,30.25,4房2廳2衛,41.1年,https://www.rakuya.com.tw/sell_item/info?ehid=08193e107314191&from=list_regular
222,C013 中正精華三樓,蘆洲區中正路,1198,43.06萬/坪,公寓,27.82,3房2廳2衛,40.8年,https://vip.rakuya.com.tw/youi6986446138
223,A46雙捷門口好停車一樓,蘆洲區民族路,1280,49.78萬/坪,公寓,25.71,1房2廳1衛,40.5年,https://www.rakuya.com.tw/sell_item/info?ehid=063ea5129027127&from=list_regular
224,2037民族商圈住辦二樓,蘆洲區民族路,1280,45.5萬/坪,公寓,28.13,1廳1衛,38.9年,https://www.rakuya.com.tw/sell_item/info?ehid=0fd1ea106479144&from=list_regular
225,K21-收租套房二樓美寓,蘆洲區正和街,1150,,公寓,32.37,6房2衛,38.8年,https://www.rakuya.com.tw/sell_item/info?ehid=07d944127480709&from=list_regular
226,C252 成功國小電梯4房,蘆洲區長安街,1458,41.67萬/坪,電梯大廈,34.99,4房2廳2衛,22.2年,https://vip.rakuya.com.tw/youi6986446138
227,C247 長安電梯3房,蘆洲區長安街,1150,45.93萬/坪,電梯大廈,25.04,3房2廳2衛,22.3年,https://vip.rakuya.com.tw/youi6986446138
228,C432 適合長輩居住採光通風佳3+2房,蘆洲區仁愛街,1280,45.15萬/坪,公寓,28.35,3房2廳1衛,22.6年,https://vip.rakuya.com.tw/youi6986446138
229,K45-和平路精緻五套房,蘆洲區和平路,1280,,公寓,27.99,5房5衛,35.3年,https://www.rakuya.com.tw/sell_item/info?ehid=0a7ee412470410e&from=list_regular
230,蘆洲中山一路百萬三房,蘆洲區中山一路,1358,,公寓,29.36,3房2廳2衛,35.8年,https://www.rakuya.com.tw/sell_item/info?ehid=05228e11530574b&from=list_regular
231,蘆洲信義高投報五套房,蘆洲區信義路,1280,42.27萬/坪,公寓,30.28,5房5廳5衛,36.4年,https://vip.rakuya.com.tw/0915912990
232,三民捷運站高樓華廈三房車,蘆洲區三民路,1498,41.32萬/坪,電梯大廈,36.25,3房2廳2衛,22.4年,https://vip.rakuya.com.tw/0915912990
233,A76徐匯捷運邊間全新3大套,蘆洲區信義路,1158,43.01萬/坪,公寓,26.92,3房3廳3衛,39.1年,https://www.rakuya.com.tw/sell_item/info?ehid=01f32e13634790b&from=list_regular
234,(17)仁愛靜巷美二樓,蘆洲區仁愛街,1098,49萬/坪,公寓,22.41,3房2廳2衛,37.3年,https://www.rakuya.com.tw/sell_item/info?ehid=069376132542647&from=list_regular
235,K037柳堤2房車,蘆洲區光復路,1298,,電梯大廈,26.16,6.7年,5樓~5樓/7樓,https://www.rakuya.com.tw/sell_item/info?ehid=02178c13168654e&from=list_regular
236,●光晟團隊●成功面寬漂亮一樓●成交最快,蘆洲區成功路,1298,,公寓,23.6,3房2廳2衛,41.8年,https://www.rakuya.com.tw/sell_item/info?ehid=0f410112050038f&from=list_regular
237,177捷運徐匯金雞母,蘆洲區信義路,1158,,公寓,26.92,3房3衛,39.1年,https://www.rakuya.com.tw/sell_item/info?ehid=0ef025136089315&from=list_regular
238,136長安佳瑪電梯三房,蘆洲區長安街,1188,,華廈,30.82,3房2廳2衛,22.3年,https://www.rakuya.com.tw/sell_item/info?ehid=00e280135981617&from=list_regular
239,114復興捷運面寬一層一戶3樓美寓,蘆洲區復興路,1230,,公寓,34.46,3房2廳2衛,31.1年,https://www.rakuya.com.tw/sell_item/info?ehid=0eca20135437148&from=list_regular
240,155三民捷運復興美妝電梯三房,蘆洲區復興路,1368,,華廈,27.65,3房2廳2衛,36.8年,https://www.rakuya.com.tw/sell_item/info?ehid=07e168135437110&from=list_regular
241,036三民高中捷運收租美寓,蘆洲區信義路,1198,,公寓,30.28,5房5衛,36.8年,https://www.rakuya.com.tw/sell_item/info?ehid=065fee134737817&from=list_regular
242,007長安邊間風尚三樓,蘆洲區長安街,1380,,公寓,34.07,3房2廳2衛,32.3年,https://www.rakuya.com.tw/sell_item/info?ehid=059d01134501243&from=list_regular
243,152希望城市高樓1+1,蘆洲區三民路,1288,,電梯大廈,22.18,2房2廳1衛,5.6年,https://www.rakuya.com.tw/sell_item/info?ehid=07fd43133929443&from=list_regular
244,160永安靜巷方正大四房,蘆洲區永安南路,1198,,公寓,35.65,32.7年,4樓/5樓,https://www.rakuya.com.tw/sell_item/info?ehid=06f78a13332865a&from=list_regular
245,070民族靜巷1F住辦,蘆洲區民族路,1280,,公寓,21.18,1廳1衛,43.9年,https://www.rakuya.com.tw/sell_item/info?ehid=08df6f13160051a&from=list_regular
246,084行政中心住辦,蘆洲區民族路,1280,,公寓,21.18,1廳1衛,43.9年,https://www.rakuya.com.tw/sell_item/info?ehid=0730ab13160050f&from=list_regular
247,046金典高樓景觀三房,蘆洲區永安南路,1398,,華廈,33.66,3房2廳2衛,23年,https://www.rakuya.com.tw/sell_item/info?ehid=062a9813093459f&from=list_regular
248,161蘆洲捷運收租美寓,蘆洲區永平街,1500,,公寓,36.45,33年,5樓/5樓,https://www.rakuya.com.tw/sell_item/info?ehid=04504612936776f&from=list_regular
249,140三民高中捷運收租美寓,蘆洲區復興路,1498,,公寓,36,39.8年,5樓/5樓,https://www.rakuya.com.tw/sell_item/info?ehid=0b9f39129367779&from=list_regular
250,044三民高中捷運收租美寓,蘆洲區三民路,1280,,公寓,29.06,3房3廳3衛,35.4年,https://www.rakuya.com.tw/sell_item/info?ehid=0eae77130050871&from=list_regular
251,119三民捷運邊間二樓,蘆洲區民權路,1198,,公寓,29.95,3房2廳2衛,41.9年,https://www.rakuya.com.tw/sell_item/info?ehid=03da28129367799&from=list_regular
252,183徐匯捷運三房美寓,蘆洲區信義路,1180,,公寓,23.66,3房2廳1衛,47.4年,https://www.rakuya.com.tw/sell_item/info?ehid=0dc951126706991&from=list_regular
253,090歐洲景觀亮麗三房,蘆洲區永安南路,1280,,電梯大廈,33.41,3房2廳2衛,21.3年,https://www.rakuya.com.tw/sell_item/info?ehid=0d053f126036653&from=list_regular
254,156蘆洲捷運收租美寓,蘆洲區三民路,1420,,公寓,34.33,5房5衛,32.7年,https://www.rakuya.com.tw/sell_item/info?ehid=0f902311074142e&from=list_regular
255,001打敗定存收租金G,蘆洲區民族路,1380,,公寓,28.89,5房5衛,31.8年,https://www.rakuya.com.tw/sell_item/info?ehid=0952cf11082876c&from=list_regular
256,242幸福現代金典2房車,蘆洲區光復路,1490,,電梯大廈,34.35,2房2廳1衛,6.7年,https://www.rakuya.com.tw/sell_item/info?ehid=0c7d5b115502554&from=list_regular
257,176中正精美三樓美寓,蘆洲區中正路,1198,,公寓,27.83,3房2廳2衛,40.8年,https://www.rakuya.com.tw/sell_item/info?ehid=0e8856115215930&from=list_regular
258,338近捷運5+6二代宅,蘆洲區信義路,1186,,公寓,29.93,3房2廳2衛,34.1年,https://www.rakuya.com.tw/sell_item/info?ehid=04c1b4106635873&from=list_regular
259,199蘆洲捷運中正2樓美寓,蘆洲區中正路,1098,,公寓,26.92,3房2廳2衛,41.5年,https://www.rakuya.com.tw/sell_item/info?ehid=04a27010179795f&from=list_regular
260,188九芎佳瑪收租套房,蘆洲區九芎街,1480,,公寓,34.31,4房4衛,33.4年,https://www.rakuya.com.tw/sell_item/info?ehid=0c2e8996635930&from=list_regular
261,230正和捷運收租套房,蘆洲區正和街,1450,,公寓,32.67,5房5衛,38.8年,https://www.rakuya.com.tw/sell_item/info?ehid=0dd86796635954&from=list_regular
262,219永安電梯收租四套房,蘆洲區永安南路,1398,,電梯大廈,47.35,4房4衛,18.4年,https://www.rakuya.com.tw/sell_item/info?ehid=04ec979635987b&from=list_regular
263,269三民高中捷運3房雅居,蘆洲區民族路,1050,,公寓,34.68,3房2廳2衛,33年,https://www.rakuya.com.tw/sell_item/info?ehid=0ab95891323094&from=list_regular
264,沐光靜巷住辦陸,蘆洲區民族路,1480,,公寓,21.18,2廳,43.9年,https://www.rakuya.com.tw/sell_item/info?ehid=0bf4da132312766&from=list_regular
265,C10三民捷運低總價大露台,蘆洲區復興路,1300,53.02萬/坪,電梯大廈,24.52,1房2廳1衛,6.4年,https://www.rakuya.com.tw/sell_item/info?ehid=0ffcfe132869425&from=list_regular
266,徐匯中學方正美寓,蘆洲區成功路,1080,,公寓,33.44,3房2廳2衛,33.4年,https://www.rakuya.com.tw/sell_item/info?ehid=023705132519757&from=list_regular
267,K075三樓高投報收租精品,蘆洲區民族路,1150,49.37萬/坪,公寓,23.29,4房2廳2衛,40.2年,https://www.rakuya.com.tw/sell_item/info?ehid=001f3713241042b&from=list_regular
268,正和門前可停車一樓,蘆洲區正和街,1088,,公寓,22.04,開放式格局,36.4年,https://www.rakuya.com.tw/sell_item/info?ehid=0e8112128090397&from=list_regular
269,B12長安收租超棒金雞母,蘆洲區長安街,1280,35.26萬/坪,公寓,36.3,5房5衛,26.3年,https://www.rakuya.com.tw/sell_item/info?ehid=0d2f96127782755&from=list_regular
270,三民捷運收租美套,蘆洲區三民路,1288,,公寓,29.06,3房3衛,35.4年,https://www.rakuya.com.tw/sell_item/info?ehid=09b35b13558608e&from=list_regular
271,K056民族溫馨美2樓,蘆洲區民族路,1090,35.28萬/坪,公寓,30.9,3房2廳2衛,35.5年,https://www.rakuya.com.tw/sell_item/info?ehid=00616913397027f&from=list_regular
272,蘆洲錢滾錢收租寶,蘆洲區民族路,1380,,公寓,28.89,5房4衛,31.8年,https://www.rakuya.com.tw/sell_item/info?ehid=02481394355261&from=list_regular
273,三民捷運稀有電梯收租屋,蘆洲區民權路,1488,,電梯大廈,40.15,4房4衛,26.1年,https://www.rakuya.com.tw/sell_item/info?ehid=0c0934126110146&from=list_regular
274,蘆洲中山一路百萬三房,蘆洲區中山一路,1358,,公寓,29.36,3房2廳2衛,35.8年,https://www.rakuya.com.tw/sell_item/info?ehid=028445125472363&from=list_regular
275,近捷運大空間,蘆洲區三民路,1160,,公寓,30.02,3房2廳1衛,34.5年,https://www.rakuya.com.tw/sell_item/info?ehid=07a8c5121612627&from=list_regular
276,(3)仁愛國小精美2樓,蘆洲區民族路,1090,35.29萬/坪,公寓,30.89,3房2廳2衛,35.5年,https://www.rakuya.com.tw/sell_item/info?ehid=08730b13333029f&from=list_regular
277,蘆洲九芎街一手屋,蘆洲區九芎街,1200,35.73萬/坪,公寓,33.59,3房2廳2衛,33.4年,https://www.rakuya.com.tw/sell_item/info?ehid=0926f712767718c&from=list_regular
278,永安國宅邊間美廈,永安國宅蘆洲區中山二路,1500,,電梯大廈,54.37,3房2廳2衛,18.4年,https://www.rakuya.com.tw/sell_item/info?ehid=03d1ac134710763&from=list_regular
279,蘆洲區低公設16%電梯漂亮三房近佳瑪百貨商圈.超低價出售.,蘆洲區長安街,1150,,華廈,25.04,3房2廳2衛,22.4年,https://www.rakuya.com.tw/sell_item/info?ehid=0f7e16132345337&from=list_regular
280,K074復興RC收租美屋,蘆洲區復興路,1298,,公寓,26.62,4房2廳2衛,39年,https://www.rakuya.com.tw/sell_item/info?ehid=0e868e13081042c&from=list_regular
281,徐匯收租美寓,蘆洲區信義路,1158,,公寓,30.87,4房4衛,36.7年,https://www.rakuya.com.tw/sell_item/info?ehid=03deea81553291&from=list_regular
282,C307民族靜巷美一樓B,蘆洲區民族路,1280,60.43萬/坪,公寓,21.18,1廳1衛,43.9年,https://www.rakuya.com.tw/sell_item/info?ehid=04ac5213230336e&from=list_regular
283,B241成功國小邊間四房,蘆洲區長安街,1458,41.67萬/坪,電梯大廈,34.99,4房2廳2衛,22.2年,https://www.rakuya.com.tw/sell_item/info?ehid=08a368133868650&from=list_regular
284,A22和平五套房,蘆洲區和平路,1280,45.73萬/坪,公寓,27.99,5房5衛,35.3年,https://www.rakuya.com.tw/sell_item/info?ehid=0e3f4010610799f&from=list_regular
285,中山二路黃金二樓,蘆洲區中山二路,1200,,公寓,22.69,3房2廳2衛,39.6年,https://www.rakuya.com.tw/sell_item/info?ehid=0e3bce135353978&from=list_regular
286,K060成功邊間大器美寓,蘆洲區成功路,1080,32.29萬/坪,公寓,33.44,3房2廳2衛,33.4年,https://www.rakuya.com.tw/sell_item/info?ehid=05a24f132077581&from=list_regular
287,中原華廈收租套房,蘆洲區中原路,1400,,公寓,32.27,4房4廳4衛,29.5年,https://www.rakuya.com.tw/sell_item/info?ehid=05a3bb11007649d&from=list_regular
288,永平２樓,蘆洲區永平街,1280,,公寓,34,3房3廳1衛,31.4年,https://www.rakuya.com.tw/sell_item/info?ehid=0c069a113202292&from=list_regular
289,2109捷運收租套房,蘆洲區三民路,1480,46.12萬/坪,電梯大廈,32.09,3房3廳3衛,25年,https://www.rakuya.com.tw/sell_item/info?ehid=09a39411949729a&from=list_regular
290,佳瑪商圈美寓,蘆洲區九芎街,1200,,公寓,33.59,3房2廳2衛,33.4年,https://www.rakuya.com.tw/sell_item/info?ehid=068630122021001&from=list_regular
291,582-蘆洲信義收租屋【中信王牌】,蘆洲區信義路,1158,,公寓,26.92,3房3衛,39.1年,https://www.rakuya.com.tw/sell_item/info?ehid=02595e136436170&from=list_regular
292,D29 蘆洲空大美寓3樓,蘆洲區中正路,1080,43.37萬/坪,公寓,24.9,3房3衛,45.7年,https://www.rakuya.com.tw/sell_item/info?ehid=0cbfb8135101757&from=list_regular
293,A36學區低樓層收租套房,蘆洲區民族路,1380,47.77萬/坪,公寓,28.89,5房5衛,31.8年,https://www.rakuya.com.tw/sell_item/info?ehid=0b8acf134966640&from=list_regular
294,長安機能大空間,蘆洲區長安街,1298,,公寓,44.42,3房2廳2衛,31.9年,https://www.rakuya.com.tw/sell_item/info?ehid=02ad17133859606&from=list_regular
295,D70景觀採光大三房,蘆洲區永安南路二段,1398,41.54萬/坪,電梯大廈,33.66,3房2廳2衛,23年,https://www.rakuya.com.tw/sell_item/info?ehid=080149133112242&from=list_regular
296,A10長安佳瑪大空間三樓美,蘆洲區長安街,1380,40.5萬/坪,公寓,34.07,3房2廳2衛,32.3年,https://www.rakuya.com.tw/sell_item/info?ehid=0a993213294285b&from=list_regular
297,長安收租。金雞母,蘆洲區長安街,1280,,公寓,36.29,5房5衛,26.3年,https://www.rakuya.com.tw/sell_item/info?ehid=071d56126496909&from=list_regular
298,超讚美屋!!徐匯捷運稀有四房黃金三樓,蘆洲區中山一路,1198,42.88萬/坪,公寓,27.94,4房2廳2衛,37.5年,https://www.rakuya.com.tw/sell_item/info?ehid=008e29133254505&from=list_regular
299,A88仁愛方正住辦一樓,蘆洲區民族路,1298,51.14萬/坪,公寓,25.38,2房2廳2衛,31.8年,https://www.rakuya.com.tw/sell_item/info?ehid=00cd9113299200e&from=list_regular
300,台北萬歲溫馨三房,台北萬歲蘆洲區仁愛街,1398,,電梯大廈,36.48,3房2廳2衛,19.1年,https://www.rakuya.com.tw/sell_item/info?ehid=06926a136330267&from=list_regular
301,徐匯亮麗三套房,蘆洲區信義路,1158,,公寓,26.91,3房3廳3衛,39.1年,https://www.rakuya.com.tw/sell_item/info?ehid=0655ce13605305a&from=list_regular
302,C22中山一路燦坤7樓,蘆洲區中山一路,1380,28.09萬/坪,其他,49.13,3房3衛,31.6年,https://www.rakuya.com.tw/sell_item/info?ehid=0755bf128298765&from=list_regular
303,K723現代金典溫馨二房車,蘆洲區光復路,1490,,電梯大廈,34.35,2房2廳1衛,6.7年,https://vip.rakuya.com.tw/0910917313
304,C010蘆洲捷運一樓,蘆洲區正和街,1088,49.36萬/坪,公寓,22.04,1房1廳1衛,36.1年,https://store.rakuya.com.tw/22570045
305,光晟團隊~成功面寬漂亮一樓~空間好用,蘆洲區成功路,1298,,公寓,23.6,3房2廳2衛,41.8年,https://www.rakuya.com.tw/sell_item/info?ehid=08a69212050003a&from=list_regular
306,捷運三角窗大面寬,蘆洲區復興路,1198,,公寓,32.07,3房2廳1衛,39年,https://www.rakuya.com.tw/sell_item/info?ehid=06a49b99037329&from=list_regular
307,三民捷運三房車面學校樓下公園全聯健身房商圈便利,常盛帝國蘆洲區民權路,1398,35.98萬/坪,電梯大廈,38.86,2房2廳2衛,18.9年,https://vip.rakuya.com.tw/0938381981
308,三民中學捷運站全新裝潢無公設電梯公寓,蘆洲區復興路,1368,49.48萬/坪,電梯大廈,27.65,3房2廳2衛,36.8年,https://vip.rakuya.com.tw/0938381981
309,蘆洲捷運景觀3房坡平車位近學區公園生活機能佳,萬信家園蘆洲區三民路,1498,37.56萬/坪,電梯大廈,39.88,3房2廳2衛,25.7年,https://vip.rakuya.com.tw/0938381981
310,長安街宇宙城三房低總價高樓邊間採光佳蘆洲永慶,宇宙城蘆洲區長安街,1398,43.77萬/坪,電梯大廈,31.94,3房2廳2衛,23.5年,https://vip.rakuya.com.tw/0938381981
311,2024信義大空間三樓,蘆洲區信義路,1198,34.28萬/坪,公寓,34.95,3房2廳1衛,34.5年,https://www.rakuya.com.tw/sell_item/info?ehid=00f6d6134339022&from=list_regular
312,民族一樓,蘆洲區民族路,1298,,公寓,25.38,2房2廳2衛,31.8年,https://www.rakuya.com.tw/sell_item/info?ehid=090011134253233&from=list_regular
313,長安新婚首選3房,蘆洲區長安街,1150,45.93萬/坪,電梯大廈,25.04,3房2廳2衛,22.2年,https://www.rakuya.com.tw/sell_item/info?ehid=08a1c6132835450&from=list_regular
314,蘆洲區住辦便宜一樓仁愛街巷寬三角窗.近仁愛國小,蘆洲區仁愛街,1280,,華廈,28.35,3房2廳1衛,22.6年,https://www.rakuya.com.tw/sell_item/info?ehid=0481f112799419b&from=list_regular
315,麥當勞華廈三加一房,蘆洲區長安街,1480,34.37萬/坪,電梯大廈,43.06,3房2廳2衛,30.3年,https://store.rakuya.com.tw/a603464433
316,集賢特區住辦附車位,蘆洲區集賢路,1428,,電梯大廈,40.96,25.4年,2樓~2樓/8樓,https://www.rakuya.com.tw/sell_item/info?ehid=0baf2313613238c&from=list_regular
317,麥當勞華廈三加一房,蘆洲區長安街,1480,34.37萬/坪,電梯大廈,43.06,3房2廳2衛,30.3年,https://store.rakuya.com.tw/a603464433
318,捷運大面寬三角窗,蘆洲區復興路,1198,,公寓,32.07,3房2廳1衛,39年,https://www.rakuya.com.tw/sell_item/info?ehid=04793999038257&from=list_regular
319,和平路收租五套房,蘆洲區和平路,1280,45.73萬/坪,公寓,27.99,5房5衛,35.3年,https://store.rakuya.com.tw/a603464433
320,蘆洲區成功國小旁學區宅.低公設電梯社區4房.全新裝璜出售,蘆洲區長安街,1458,,華廈,34.99,4房2廳2衛,22.2年,https://www.rakuya.com.tw/sell_item/info?ehid=006d13133791487&from=list_regular
321,蘆洲區重劃區內6年新屋光復路電梯2房加車位.出售,蘆洲區光復路,1490,,華廈,34.35,2房2廳1衛,6.7年,https://www.rakuya.com.tw/sell_item/info?ehid=0eef4112957923e&from=list_regular
322,蘆洲區學區好宅中正路蘆洲國中.國小旁公寓漂亮3樓出售,蘆洲區中正路,1198,,公寓,27.83,3房2廳2衛,40.8年,https://www.rakuya.com.tw/sell_item/info?ehid=09b26d116124637&from=list_regular
323,蘆洲區投資好宅正長榮路低公設電梯五套房出售現收租金近捷運蘆洲站,蘆洲區長榮路,1370,,華廈,33.76,5房5衛,27.5年,https://www.rakuya.com.tw/sell_item/info?ehid=0792e99673292f&from=list_regular
324,蘆洲區房屋過戶流程.長安街超低公設比華廈3房出售,蘆洲區長安街,1480,,華廈,43.06,3房2廳2衛,30.3年,https://www.rakuya.com.tw/sell_item/info?ehid=056f4e11072706a&from=list_regular
325,蘆洲區房價查詢光華路邊間公寓3房出售近國中.國小,蘆洲區光華路,1098,,公寓,37.43,3房2廳2衛,33.6年,https://www.rakuya.com.tw/sell_item/info?ehid=068beb10120674b&from=list_regular
326,捷運邊間3房,蘆洲區民權路,1218,,公寓,29.95,3房2廳2衛,41.9年,https://store.rakuya.com.tw/0989269361
327,三民捷運邊間精美3房,蘆洲區民權路,1198,,公寓,29.95,3房2廳2衛,41.9年,https://store.rakuya.com.tw/0989269361
328,成功大鎮,蘆洲區長安街,1458,,電梯大廈,34.99,4房2廳2衛,22.2年,https://store.rakuya.com.tw/0989269361
329,三民高中雅寓,蘆洲區民族路,1038,,公寓,27.87,3房2廳2衛,34.6年,https://store.rakuya.com.tw/0989269361
330,中正築和4房3樓雅寓,蘆洲區中正路,1290,,公寓,25.96,4房2廳2衛,33.3年,https://store.rakuya.com.tw/0989269361
331,中正築和4房2樓美寓,蘆洲區中正路,1290,,公寓,25.65,4房2廳2衛,33.3年,https://store.rakuya.com.tw/0989269361
332,信義復興收租套房,蘆洲區信義路,1198,,公寓,30.28,5房5衛,36.8年,https://store.rakuya.com.tw/0989269361
333,三民至善園,蘆洲區民族路,1098,,公寓,28.77,4房2廳2衛,34.8年,https://store.rakuya.com.tw/0989269361
334,和平雅寓包租公,蘆洲區和平路,1280,,公寓,27.99,5房5衛,35.3年,https://store.rakuya.com.tw/0989269361
335,中正品和雅寓,蘆洲區中正路,1098,,公寓,26.92,3房2廳2衛,41.5年,https://store.rakuya.com.tw/0989269361
336,美麗大三房雙衛浴,蘆洲區復興路,1230,35.69萬/坪,公寓,34.46,3房2廳2衛,31.1年,https://store.rakuya.com.tw/a603464433
337,成功國小大四房,蘆洲區長安街,1480,42.3萬/坪,電梯大廈,34.99,4房2廳2衛,22.2年,https://store.rakuya.com.tw/a603464433
338,徐匯捷運邊間美寓,蘆洲區信義路,1158,37.51萬/坪,公寓,30.87,4房4衛,36.7年,https://store.rakuya.com.tw/a603464433
339,徐匯大空間一樓（A）,蘆洲區民族路,1150,,公寓,21.18,開放式格局,43.9年,https://www.rakuya.com.tw/sell_item/info?ehid=080eb5134481873&from=list_regular
340,036麥當勞大面寬4房,蘆洲區長安街,1098,,公寓,34.92,4房2廳2衛,32.4年,https://www.rakuya.com.tw/sell_item/info?ehid=089fe797898457&from=list_regular
341,059仁愛民族2樓漂亮美屋,蘆洲區民族路,1280,,公寓,28.13,3房2廳2衛,38.9年,https://www.rakuya.com.tw/sell_item/info?ehid=0078b510578492b&from=list_regular
342,001打敗定存收租金G,蘆洲區民族路,1380,,公寓,28.89,5房5衛,31.8年,https://www.rakuya.com.tw/sell_item/info?ehid=04a297111115026&from=list_regular
343,統才泰邑貴族露台精品房,蘆洲區復興路,1300,,電梯大廈,24.53,1房2廳1衛,6.4年,https://www.rakuya.com.tw/sell_item/info?ehid=0a61fa12903257b&from=list_regular
344,蘆洲復興路收租5套房,蘆洲區復興路,1480,,公寓,36.61,5房3廳4衛,37.1年,https://www.rakuya.com.tw/sell_item/info?ehid=0da284110076543&from=list_regular
345,佳瑪商圈包租4房,蘆洲區長安街,1050,,公寓,30.81,4房1廳3衛,24.3年,https://www.rakuya.com.tw/sell_item/info?ehid=0cd4e2110076537&from=list_regular
346,近捷運站收租屋,蘆洲區信義路,1388,,公寓,28.66,4房4衛,37.1年,https://www.rakuya.com.tw/sell_item/info?ehid=053d7612760501b&from=list_regular
347,雙捷運站電梯,蘆洲區信義路,1450,,電梯大廈,25.73,1房2廳1衛,6.3年,https://www.rakuya.com.tw/sell_item/info?ehid=0286e712765428b&from=list_regular
348,金典‧兩房車位,現代金典蘆洲區光復路,1298,,電梯大廈,26.16,2房1廳1衛,6.7年,https://www.rakuya.com.tw/sell_item/info?ehid=0dd8c213261346c&from=list_regular
349,長安機能邊間獨戶,蘆洲區長安街,1498,,公寓,45.15,3房2廳2衛,28.4年,https://www.rakuya.com.tw/sell_item/info?ehid=094e3713499325d&from=list_regular
350,民族收租寶,蘆洲區民族路,1150,,公寓,23.29,4房2廳2衛,40.2年,https://www.rakuya.com.tw/sell_item/info?ehid=01560c134091419&from=list_regular
351,近捷運三民美寓,蘆洲區三民路,1268,,公寓,32.89,3房2廳1衛,35.8年,https://www.rakuya.com.tw/sell_item/info?ehid=08e9ed133730480&from=list_regular
352,中山天廈大空間,中山天廈蘆洲區中山一路,1380,,電梯大廈,49.12,3房3衛,31.6年,https://www.rakuya.com.tw/sell_item/info?ehid=089e40125708434&from=list_regular
353,知森堂方正高樓,蘆洲區國道路二段,1350,,電梯大廈,42.49,3房2廳2衛,12年,https://www.rakuya.com.tw/sell_item/info?ehid=0188a0125939080&from=list_regular
354,長安街好收租美屋,蘆洲區長安街,1050,,公寓,30.81,4房3廳3衛,24.3年,https://www.rakuya.com.tw/sell_item/info?ehid=0577f1111432239&from=list_regular
355,長安一樓,蘆洲區長安街,1280,,公寓,28.34,1房2廳1衛,32.2年,https://www.rakuya.com.tw/sell_item/info?ehid=0970d495965297&from=list_regular
356,長安精美收租屋,蘆洲區長安街,1398,,套房,41.43,6房6衛,31.3年,https://www.rakuya.com.tw/sell_item/info?ehid=062aad94382977&from=list_regular
357,鄭媽媽起家厝,蘆洲區中山一路,1098,,公寓,25.41,5房4廳2衛,45.9年,https://www.rakuya.com.tw/sell_item/info?ehid=0d20a1129389434&from=list_regular
358,中山天廈四房,中山天廈蘆洲區中山一路,1298,,電梯大廈,49.12,4房2廳2衛,31.6年,https://www.rakuya.com.tw/sell_item/info?ehid=09170d129886850&from=list_regular
359,近蘆洲捷運收租寶,蘆洲區中正路,1350,,公寓,29.33,5房5衛,33.2年,https://www.rakuya.com.tw/sell_item/info?ehid=079b17103020407&from=list_regular
360,傳家。三民收租寶,蘆洲區三民路,1280,,套房,27.53,3房3廳3衛,38.9年,https://www.rakuya.com.tw/sell_item/info?ehid=03a5ef91812019&from=list_regular
361,傳家。三民收租寶,蘆洲區三民路,1280,,套房,27.53,3房3廳3衛,38.9年,https://www.rakuya.com.tw/sell_item/info?ehid=03a5ef91812019&from=list_regular
362,中山天廈四房,中山天廈蘆洲區中山一路,1298,,電梯大廈,49.12,4房2廳2衛,31.6年,https://www.rakuya.com.tw/sell_item/info?ehid=09170d129886850&from=list_regular
363,蘆洲邊精緻裝潢二樓,蘆洲區正和街,1198,,公寓,27.5,3房2廳2衛,36.1年,https://www.rakuya.com.tw/sell_item/info?ehid=06a325132359534&from=list_regular
364,民族路美裝潢三樓,蘆洲區民族路,1128,,公寓,28.77,4房2廳2衛,34.8年,https://www.rakuya.com.tw/sell_item/info?ehid=0a5df213139936d&from=list_regular
365,蘆洲長安街電梯3房,蘆洲區長安街,1150,,華廈,25.04,3房2廳2衛,22.3年,https://www.rakuya.com.tw/sell_item/info?ehid=0985ce134566508&from=list_regular
366,蘆洲靜巷美妝二樓,蘆洲區中正路,1290,,公寓,25.65,4房2廳2衛,33.3年,https://www.rakuya.com.tw/sell_item/info?ehid=07412a134566488&from=list_regular
367,專任長安三代同堂,蘆洲區長安街,1280,,公寓,46.63,3房2廳2衛,31.3年,https://www.rakuya.com.tw/sell_item/info?ehid=066c99126465731&from=list_regular
368,現代高樓景觀三房,現代金典（永安南路）蘆洲區永安南路二段,1398,,電梯大廈,33.66,3房2廳2衛,23年,https://www.rakuya.com.tw/sell_item/info?ehid=0f956713070805a&from=list_regular
369,徐匯信義收租屋,蘆洲區信義路,1430,,公寓,35.11,5房5廳5衛,34.1年,https://www.rakuya.com.tw/sell_item/info?ehid=085b8f131161036&from=list_regular
370,領袖村景觀兩房屋,領袖村蘆洲區集賢路,1470,,電梯大廈,30.08,2房2廳1衛,22.7年,https://www.rakuya.com.tw/sell_item/info?ehid=0a4910131851259&from=list_regular
371,成功大鎮美四房,成功大鎮蘆洲區長安街,1458,,電梯大廈,34.99,4房2廳2衛,22.2年,https://www.rakuya.com.tw/sell_item/info?ehid=0f36b9134495144&from=list_regular
372,近捷運頂樓美寓,蘆洲區民義街,1388,,公寓,32.27,3房2廳2衛,31.9年,https://www.rakuya.com.tw/sell_item/info?ehid=0623a013451302d&from=list_regular
373,信義37收租寶,蘆洲區信義路,1158,,公寓,26.92,3房3廳3衛,39.1年,https://www.rakuya.com.tw/sell_item/info?ehid=09a46913332492c&from=list_regular
374,蘆洲成功國小邊間電梯,蘆洲區長安街,1480,,華廈,34.99,4房2廳2衛,22.2年,https://www.rakuya.com.tw/sell_item/info?ehid=07449713412321a&from=list_regular
375,蘆洲大空間附車位電梯,蘆洲區集賢路,1428,,電梯大廈,40.97,25.4年,2樓/8樓,https://www.rakuya.com.tw/sell_item/info?ehid=0fa9fa131399350&from=list_regular
376,長安華廈大３房,蘆洲區長安街,1480,,電梯大廈,43.06,3房2廳2衛,30.3年,https://www.rakuya.com.tw/sell_item/info?ehid=0b1f6687331323&from=list_regular
377,永安景觀收租套房,永安國宅蘆洲區永安南路二段,1398,,電梯大廈,47.35,4房4衛,18.4年,https://www.rakuya.com.tw/sell_item/info?ehid=01e39e91659260&from=list_regular
378,中華英雄三房車位,台北新家蘆洲區中華街,1380,,電梯大廈,38.33,3房2廳2衛,26.5年,https://www.rakuya.com.tw/sell_item/info?ehid=09982d9338257b&from=list_regular
379,三民高中幸福空間,蘆洲區復興路,1298,,公寓,26.62,4房1廳3衛,39年,https://www.rakuya.com.tw/sell_item/info?ehid=06fba9133702426&from=list_regular
380,復興商圈。收租寶,蘆洲區復興路,1498,,公寓,36,5房5衛,39.8年,https://www.rakuya.com.tw/sell_item/info?ehid=0dc5fb13082890a&from=list_regular
381,面長安街２樓住辦,蘆洲區長安街,1280,,公寓,33.52,3房2廳1衛,31.9年,https://www.rakuya.com.tw/sell_item/info?ehid=02a84e131808452&from=list_regular
382,正三民聖品,蘆洲區三民路,1198,,公寓,25.66,3房2廳2衛,34年,https://www.rakuya.com.tw/sell_item/info?ehid=0ca3cb123388673&from=list_regular
383,蘆洲中正裝潢三房美寓,蘆洲區中正路,1198,,公寓,24.82,3房2廳2衛,35.3年,https://www.rakuya.com.tw/sell_item/info?ehid=0a260d13235951d&from=list_regular
384,蘆洲民族路三樓美寓,蘆洲區民族路,1038,,其他,27.87,3房2廳2衛,34.6年,https://www.rakuya.com.tw/sell_item/info?ehid=0eae4e13431151b&from=list_regular
385,蘆洲邊間精緻時尚二樓,蘆洲區長安街,1158,,公寓,32.27,3房2廳2衛,32.3年,https://www.rakuya.com.tw/sell_item/info?ehid=0596cc12858086c&from=list_regular
386,正和街高投報收租,蘆洲區正和街,1488,,公寓,32.67,5房5衛,38.8年,https://www.rakuya.com.tw/sell_item/info?ehid=098f32130165490&from=list_regular
387,近捷運永平方正寓,蘆洲區永平街,1098,,公寓,28.53,3房2廳2衛,32.4年,https://www.rakuya.com.tw/sell_item/info?ehid=0ac424131850313&from=list_regular
388,三民華廈是邊間,蘆洲區三民路,1268,,電梯大廈,32.1,3房2廳2衛,25年,https://www.rakuya.com.tw/sell_item/info?ehid=00558b133759085&from=list_regular
389,長安４房５樓美寓,蘆洲區長安街,1050,,公寓,43.69,4房2廳2衛,31.3年,https://www.rakuya.com.tw/sell_item/info?ehid=085142114201795&from=list_regular
390,永樂大空間收租屋,蘆洲區永樂街,1168,,公寓,29.85,3房2廳2衛,32.5年,https://www.rakuya.com.tw/sell_item/info?ehid=0b418378606353&from=list_regular
391,傳家。信義路收租,蘆洲區信義路,1080,,公寓,29.48,4房4衛,34.8年,https://www.rakuya.com.tw/sell_item/info?ehid=0bee1493088602&from=list_regular
392,近捷運邊間大公寓,蘆洲區永平街,1068,,公寓,38.4,3房2廳2衛,32.4年,https://www.rakuya.com.tw/sell_item/info?ehid=04329b135761743&from=list_regular
393,光華掏金窟,蘆洲區光華路,1300,,公寓,28.13,4房4衛,40.8年,https://www.rakuya.com.tw/sell_item/info?ehid=0db6b5136496182&from=list_regular
394,正和街２樓收租寶,蘆洲區正和街,1150,,公寓,32.37,5房2廳1衛,38.8年,https://www.rakuya.com.tw/sell_item/info?ehid=04dafb127653914&from=list_regular
395,光華收租金雞母,蘆洲區光華路,1450,,公寓,37.43,8房8衛,33.6年,https://www.rakuya.com.tw/sell_item/info?ehid=00bc15129283785&from=list_regular
396,民族商圈收租好優,蘆洲區民族路,1200,,公寓,29.79,5房3廳3衛,34.1年,https://www.rakuya.com.tw/sell_item/info?ehid=01d8a012942386b&from=list_regular
397,蘆洲捷運公園溫馨四房,蘆洲區永平街,1280,,華廈,29.8,4房2廳2衛,28.9年,https://www.rakuya.com.tw/sell_item/info?ehid=015342131158816&from=list_regular
398,蘆洲長安美妝電梯四房,蘆洲區長安街,1358,,電梯大廈,37.03,4房2廳2衛,25.8年,https://www.rakuya.com.tw/sell_item/info?ehid=0edd7c131496736&from=list_regular
399,捷運獨棟公園大戶,蘆洲區永平街,1068,,公寓,38.39,4房2廳2衛,32.4年,https://www.rakuya.com.tw/sell_item/info?ehid=0e795b135177078&from=list_regular
400,河岸景觀二房大坡車,蘆洲區環堤大道,1388,,電梯大廈,40.25,2房2廳1衛,21.3年,https://www.rakuya.com.tw/sell_item/info?ehid=05da57130710288&from=list_regular
401,成功國小電梯三房車大車位典雅裝潢馬上可住,園中園蘆洲區長安街,1398,32.68萬/坪,電梯大廈,42.78,3房2廳2衛,24.7年,https://vip.rakuya.com.tw/0926567926
402,D99佳瑪低總價電梯收租4套,蘆洲區永安南路二段,1450,,電梯大廈,47.35,4房4衛,18.4年,https://www.rakuya.com.tw/sell_item/info?ehid=017a48135098918&from=list_regular
403,成功國小全新裝潢電梯四房,蘆洲區長安街,1458,,電梯大廈,34.98,4房2廳2衛,22.2年,https://www.rakuya.com.tw/sell_item/info?ehid=01d24d133985582&from=list_regular
404,佳瑪黃金收租屋,蘆洲區永安南路二段,1198,34.83萬/坪,公寓,34.39,5房5衛,31.6年,https://www.rakuya.com.tw/sell_item/info?ehid=0c48fb11956056b&from=list_regular
405,D12 長安大街4房車,蘆洲區長安街,1358,,電梯大廈,37.04,4房2廳2衛,25.8年,https://www.rakuya.com.tw/sell_item/info?ehid=037a16127311368&from=list_regular
406,K102不斷電印鈔機5套房,蘆洲區仁愛街,1380,42.29萬/坪,公寓,32.63,5房5衛,37.3年,https://www.rakuya.com.tw/sell_item/info?ehid=04ce69100932208&from=list_regular
407,光明124-民族加工廠辦,蘆洲區民族路,1280,,公寓,21.18,2廳1衛,43.9年,https://www.rakuya.com.tw/sell_item/info?ehid=0cfd5a131875815&from=list_regular
408,152希望城市高樓1+1,蘆洲區三民路,1288,,電梯大廈,22.18,2房2廳1衛,5.6年,https://www.rakuya.com.tw/sell_item/info?ehid=0ef86e133865344&from=list_regular
409,C71 64快道電梯二樓,蘆洲區中原路,1398,39.3萬/坪,其他,35.58,3房2廳2衛,24.3年,https://www.rakuya.com.tw/sell_item/info?ehid=0e54a1134792037&from=list_regular
410,C46捷運高樓景觀3房,蘆洲區正和街,1498,53.56萬/坪,電梯大廈,27.97,3房2廳2衛,26.9年,https://www.rakuya.com.tw/sell_item/info?ehid=008d8013486740e&from=list_regular
411,D36長安全聯社電梯3房,蘆洲區長安街,1150,45.95萬/坪,電梯大廈,25.03,3房2廳2衛,22.3年,https://www.rakuya.com.tw/sell_item/info?ehid=020913132840475&from=list_regular
412,2013蘆洲中正路低樓,蘆洲區中正路,1098,40.79萬/坪,公寓,26.92,3房1廳2衛,41.5年,https://www.rakuya.com.tw/sell_item/info?ehid=0f8710104146811&from=list_regular
413,蘆洲復興精品鼎加,蘆洲區復興路,1298,,公寓,26.62,4房2廳2衛,39年,https://www.rakuya.com.tw/sell_item/info?ehid=045f5513051945e&from=list_regular
414,2011徐匯邊間收租屋,蘆洲區信義路,1158,43萬/坪,公寓,26.93,3房3衛,39.1年,https://www.rakuya.com.tw/sell_item/info?ehid=073df9136200860&from=list_regular
415,K027捷運400米精品3樓美寓,蘆洲區民權路,1218,40.67萬/坪,公寓,29.95,3房2廳2衛,41.9年,https://www.rakuya.com.tw/sell_item/info?ehid=010cbd129101662&from=list_regular
416,K164三民捷運黃金三樓,蘆洲區復興路,1198,37.36萬/坪,公寓,32.07,3房2廳1衛,39年,https://www.rakuya.com.tw/sell_item/info?ehid=0d5bcc117754259&from=list_regular
417,A39近三民高中捷運民權四,蘆洲區民權路,1148,46.28萬/坪,公寓,24.81,4房2廳2衛,39.5年,https://www.rakuya.com.tw/sell_item/info?ehid=0ed64d136261471&from=list_regular
418,靜巷方正公寓4房,蘆洲區永安南路二段,1198,,公寓,35.65,4房2廳2衛,32.7年,https://www.rakuya.com.tw/sell_item/info?ehid=01eb8013469779f&from=list_regular
419,A72佳瑪大四房美寓,蘆洲區永安南路二段,1198,33.6萬/坪,公寓,35.65,4房2廳2衛,32.7年,https://www.rakuya.com.tw/sell_item/info?ehid=0adbc7132296448&from=list_regular
420,典藏高樓景觀3房,蘆洲區永安南路二段,1280,38.31萬/坪,電梯大廈,33.41,3房2廳2衛,21.3年,https://www.rakuya.com.tw/sell_item/info?ehid=0895d312268585f&from=list_regular
421,●光晟團隊●邊間排高精美3房●低總價,蘆洲區長安街,1188,38.56萬/坪,電梯大廈,30.81,3房2廳2衛,21.8年,https://www.rakuya.com.tw/sell_item/info?ehid=0adc2212036728f&from=list_regular
422,蘆洲正和街2樓收租美寓,蘆洲區正和街,1200,,公寓,32.37,6房1廳2衛,38.9年,https://www.rakuya.com.tw/sell_item/info?ehid=09a964129138698&from=list_regular
423,【四房】樓下徐匯捷運超近四房+ 黃金三樓!!!!,蘆洲區中山一路,1198,42.88萬/坪,公寓,27.94,4房2廳2衛,37.5年,https://www.rakuya.com.tw/sell_item/info?ehid=038bd9131848706&from=list_regular
424,D84觀景3＋1房高樓美屋,蘆洲區長安街,1398,43.77萬/坪,電梯大廈,31.94,4房2廳2衛,23.5年,https://www.rakuya.com.tw/sell_item/info?ehid=004668131226055&from=list_regular
425,K13-三民捷運邊間3樓,蘆洲區民權路,1218,,公寓,29.95,3房2廳2衛,41.9年,https://www.rakuya.com.tw/sell_item/info?ehid=01f7d8130381364&from=list_regular
426,K027捷運400米精品2樓美寓,蘆洲區民權路,1198,40萬/坪,公寓,29.95,3房2廳2衛,41.9年,https://www.rakuya.com.tw/sell_item/info?ehid=0ba1f612909788b&from=list_regular
427,A44三民雙捷鼎家,蘆洲區三民路,1180,39.31萬/坪,公寓,30.02,3房2廳1衛,34.5年,https://www.rakuya.com.tw/sell_item/info?ehid=09208712093172b&from=list_regular
428,E215永平邊間方正2樓,蘆洲區永平街,1300,38.22萬/坪,公寓,34.01,3房3廳1衛,31.4年,https://store.rakuya.com.tw/0928803597
429,K792三民捷運收租4套房,蘆洲區民權路,1488,,電梯大廈,40.15,4房4衛,26.1年,https://www.rakuya.com.tw/sell_item/info?ehid=018154130987237&from=list_regular
430,九芎方正格局收租套房,蘆洲區九芎街,1480,,公寓,34.31,4房4衛,33.4年,https://www.rakuya.com.tw/sell_item/info?ehid=09049c13433909a&from=list_regular
431,三民捷運邊間精美3房,蘆洲區民權路,1198,,公寓,29.95,3房2廳2衛,41.9年,https://www.rakuya.com.tw/sell_item/info?ehid=0ca05f13428749d&from=list_regular
432,2010成功大鎮電梯四房,蘆洲區長安街,1458,41.67萬/坪,電梯大廈,34.99,4房2廳2衛,22.2年,https://www.rakuya.com.tw/sell_item/info?ehid=06861213376923f&from=list_regular
433,2005裝潢大4房美寓,蘆洲區長安街,1180,33.79萬/坪,公寓,34.92,4房1廳2衛,32.4年,https://www.rakuya.com.tw/sell_item/info?ehid=0bb155104146806&from=list_regular
434,115捷運五加六,蘆洲區永平街,1138,,公寓,32.59,3房2廳1衛,33.2年,https://www.rakuya.com.tw/sell_item/info?ehid=0e8720122769735&from=list_regular
435,鷺江國小美寓大3房,蘆洲區民族路,1050,,公寓,34.68,3房2廳2衛,33年,https://www.rakuya.com.tw/sell_item/info?ehid=06accd10095754b&from=list_regular
436,A71三民高中美妝捷運三樓,蘆洲區民權路,1218,,公寓,29.95,3房2廳2衛,41.9年,https://www.rakuya.com.tw/sell_item/info?ehid=02d7ee13310081e&from=list_regular
437,三民捷運華廈,蘆洲區忠孝路,1298,,電梯大廈,29.94,2房2廳2衛,20.9年,https://www.rakuya.com.tw/sell_item/info?ehid=059bc0132416355&from=list_regular
438,K103李氏古厝8套房頂佳,蘆洲區中正路,1350,,公寓,29.33,5房5衛,33.2年,https://www.rakuya.com.tw/sell_item/info?ehid=0db8e4135646177&from=list_regular
439,K717捷運總站雅寓一樓,蘆洲區中正路,1480,56.98萬/坪,公寓,25.98,3房2廳1衛,35.3年,https://www.rakuya.com.tw/sell_item/info?ehid=0d6d0713471575d&from=list_regular
440,蘆洲民權臻愛美妝三房~太平洋冠軍團隊~文心~,蘆洲區民權路,1218,40.67萬/坪,公寓,29.95,3房2廳2衛,42.3年,https://www.rakuya.com.tw/sell_item/info?ehid=0ac6b513040480b&from=list_regular
441,E18蘆洲夜市超美三樓,蘆洲區成功路,1098,,公寓,25.71,3房2廳2衛,43.5年,https://www.rakuya.com.tw/sell_item/info?ehid=00f135115483058&from=list_regular
442,K070三民捷運收租寶,蘆洲區三民路,1198,46.69萬/坪,公寓,25.66,3房2廳2衛,34年,https://www.rakuya.com.tw/sell_item/info?ehid=091979100932636&from=list_regular
443,B13復興邊間美大三房,蘆洲區復興路,1230,35.69萬/坪,電梯大廈,34.46,3房2廳2衛,31.1年,https://www.rakuya.com.tw/sell_item/info?ehid=089f74135376946&from=list_regular
444,A056中山二樓公寓,蘆洲區中山二路,1200,52.89萬/坪,公寓,22.69,3房2廳3衛,39.6年,https://www.rakuya.com.tw/sell_item/info?ehid=0a4981134846006&from=list_regular
445,K056民族精美3樓,蘆洲區民族路,1098,35.54萬/坪,公寓,30.9,3房2廳2衛,35.5年,https://www.rakuya.com.tw/sell_item/info?ehid=03aa6313397665d&from=list_regular
446,2004佳瑪商圈電梯三房,蘆洲區長安街,1150,45.93萬/坪,電梯大廈,25.04,3房2廳2衛,22.3年,https://www.rakuya.com.tw/sell_item/info?ehid=0f5702132580218&from=list_regular
447,厝不夠賣~永樂便宜鼎家家~光晟團隊,蘆洲區永樂街,1050,27.76萬/坪,公寓,37.82,4房2廳2衛,29年,https://www.rakuya.com.tw/sell_item/info?ehid=021f1a136811935&from=list_regular
448,三民捷運民權亮麗四房,蘆洲區民權路,1148,,公寓,24.81,4房2廳2衛,39.5年,https://www.rakuya.com.tw/sell_item/info?ehid=0cd783136286747&from=list_regular
449,A649長安佳瑪百貨收租王,蘆洲區長安街,1280,38.71萬/坪,公寓,33.06,4房4衛,32.5年,https://www.rakuya.com.tw/sell_item/info?ehid=0e9b57110075786&from=list_regular
450,永安大四房美寓,蘆洲區永安南路,1198,,公寓,35.65,4房2廳2衛,32.7年,https://www.rakuya.com.tw/sell_item/info?ehid=063f7b133060797&from=list_regular
451,A53民族精美3樓,蘆洲區民族路,1090,35.28萬/坪,公寓,30.9,3房1廳2衛,35.5年,https://www.rakuya.com.tw/sell_item/info?ehid=0de55f133453444&from=list_regular
452,C36中華街電梯前後陽台美,蘆洲區中華街,1498,39.96萬/坪,其他,37.49,4房2廳2衛,26.2年,https://www.rakuya.com.tw/sell_item/info?ehid=042e4712878121a&from=list_regular
453,A56捷運蘆洲總站3樓美寓,蘆洲區中正路,1058,41.87萬/坪,公寓,25.27,3房2廳2衛,46年,https://www.rakuya.com.tw/sell_item/info?ehid=03be14134473201&from=list_regular
454,光明52-三民華廈三房,蘆洲區復興路,1368,,電梯大廈,27.65,3房2廳2衛,36.8年,https://www.rakuya.com.tw/sell_item/info?ehid=06329d133436702&from=list_regular
455,捷運精美4房,蘆洲區中正路,1290,49.69萬/坪,公寓,25.96,4房2廳2衛,33.3年,https://www.rakuya.com.tw/sell_item/info?ehid=06987f131776404&from=list_regular
456,118捷運學區邊間四房美寓,蘆洲區中正路,1080,33.68萬/坪,公寓,32.07,4房2廳2衛,39.6年,https://www.rakuya.com.tw/sell_item/info?ehid=02f76a132854825&from=list_regular
457,A015中正2樓超值美寓,蘆洲區中正路,1098,40.78萬/坪,公寓,26.92,3房2廳2衛,41.5年,https://store.rakuya.com.tw/22570045
458,242幸福現代金典2房車,蘆洲區光復路,1490,,電梯大廈,34.35,2房2廳1衛,6.7年,https://www.rakuya.com.tw/sell_item/info?ehid=06fcfc11548477f&from=list_regular
459,A13三民高中電梯大三房,蘆洲區復興路,1368,,華廈,27.65,3房2廳2衛,36.8年,https://www.rakuya.com.tw/sell_item/info?ehid=0d8fbb13556387e&from=list_regular
460,捷運邊間3房,蘆洲區民權路,1218,,公寓,29.95,3房2廳2衛,41.9年,https://www.rakuya.com.tw/sell_item/info?ehid=03193a134287501&from=list_regular
461,K745長安優質大戶,蘆洲區長安街,1150,32.06萬/坪,公寓,35.87,3房2廳2衛,21.6年,https://www.rakuya.com.tw/sell_item/info?ehid=0fab10127308559&from=list_regular
462,K822經典高樓景觀邊間3房,蘆洲區永安南路二段,1398,41.54萬/坪,電梯大廈,33.66,3房2廳2衛,23年,https://vip.rakuya.com.tw/0910917313
463,C64柳堤公園溫馨2房車,蘆洲區光復路,1298,,電梯大廈,26.16,2房2廳1衛,6.7年,https://www.rakuya.com.tw/sell_item/info?ehid=0f24b7132353654&from=list_regular
464,A55雙學區捷運美寓,蘆洲區中正路,1050,46.91萬/坪,公寓,22.39,3房1廳2衛,42.9年,https://www.rakuya.com.tw/sell_item/info?ehid=023944134329319&from=list_regular
465,光明188-長安邊間四房,蘆洲區長安街,1458,,電梯大廈,34.99,4房2廳2衛,22.2年,https://www.rakuya.com.tw/sell_item/info?ehid=0658a3133774281&from=list_regular
466,K767集賢路捷運一樓好停車,蘆洲區民族路,1280,49.78萬/坪,公寓,25.71,1房2廳1衛,40.2年,https://vip.rakuya.com.tw/0910917313
467,仁愛稀有公寓2樓,蘆洲區仁愛街,1098,49萬/坪,公寓,22.41,3房2廳2衛,37.3年,https://www.rakuya.com.tw/sell_item/info?ehid=0a24ac131944975&from=list_regular
468,✡✡✡住商三和捷運 ✡王郁喬 ✡高投報收租黃金屋✡✡✡,蘆洲區信義路,1388,,公寓,28.66,6房1廳5衛,36.3年,https://www.rakuya.com.tw/sell_item/info?ehid=01f3ac13120758f&from=list_regular
469,K121-徐匯捷運3套房,蘆洲區三民路,1480,,華廈,32.1,3房3廳3衛,25年,https://www.rakuya.com.tw/sell_item/info?ehid=0011dd124703743&from=list_regular
470,A650佳瑪新公寓邊間收租王,蘆洲區長安街,1050,34.08萬/坪,公寓,30.81,4房1廳3衛,24.3年,https://www.rakuya.com.tw/sell_item/info?ehid=022b94110030897&from=list_regular
471,C52成功廣場全新裝潢美廈,蘆洲區長安街,1480,42.3萬/坪,電梯大廈,34.99,3房2廳1衛,22.2年,https://www.rakuya.com.tw/sell_item/info?ehid=028e9913387396e&from=list_regular
472,成功大鎮中庭美妝電梯4房,成功大鎮蘆洲區長安街,1480,42.31萬/坪,電梯大廈,34.98,4房2廳2衛,21.2年,https://www.rakuya.com.tw/sell_item/info?ehid=0ee95e13373241c&from=list_regular
473,✡✡蘆洲~中山二路2樓美寓✡✡ 住商三和捷運王郁喬✡✡✡,蘆洲區中山二路,1280,30.89萬/坪,公寓,41.44,2房2廳2衛,38.3年,https://www.rakuya.com.tw/sell_item/info?ehid=0ec2a4131661266&from=list_regular
474,B39蘆洲夜市現成包租公,蘆洲區正和街,1398,43.19萬/坪,公寓,32.37,6房2衛,38.8年,https://www.rakuya.com.tw/sell_item/info?ehid=0b9ac212729862e&from=list_regular
475,64快道中原電梯二樓,蘆洲區中原路,1398,,電梯大廈,35.66,24.3年,2樓/7樓,https://www.rakuya.com.tw/sell_item/info?ehid=0fd2a1136015359&from=list_regular
476,K05-蘆洲捷運三樓,蘆洲區中正路,1050,,公寓,22.39,3房2廳2衛,42.9年,https://www.rakuya.com.tw/sell_item/info?ehid=0d421f136192138&from=list_regular
477,K015民族二樓美寓,蘆洲區民族路,1150,39.25萬/坪,公寓,29.3,3房2廳2衛,31.8年,https://www.rakuya.com.tw/sell_item/info?ehid=060dfb10093505c&from=list_regular
478,K519近徐匯收租小店面,蘆洲區民生街,1138,73萬/坪,電梯大廈,15.59,22.4年,1樓~1樓/8樓,https://www.rakuya.com.tw/sell_item/info?ehid=0778df128094057&from=list_regular
479,成功國小邊間四房,成功大鎮蘆洲區長安街,1458,41.67萬/坪,電梯大廈,34.99,4房2廳2衛,22.1年,https://www.rakuya.com.tw/sell_item/info?ehid=099f7b133968379&from=list_regular
480,宇宙城芳鄰優質電梯三房,蘆洲區長安街,1150,45.94萬/坪,電梯大廈,25.03,3房2廳2衛,22.2年,https://www.rakuya.com.tw/sell_item/info?ehid=01af14133565198&from=list_regular
481,307捷運景觀三房,蘆洲區三民路,1488,41.81萬/坪,電梯大廈,35.59,3房2廳2衛,24.8年,https://www.rakuya.com.tw/sell_item/info?ehid=0bba3e118984016&from=list_regular
482,蘆洲捷運壹樓美寓,蘆洲區三民路,1350,46.38萬/坪,公寓,29.11,3房2廳2衛,37.3年,https://www.rakuya.com.tw/sell_item/info?ehid=01df50134957306&from=list_regular
483,光明50-三民華廈三房,蘆洲區復興路,1368,,電梯大廈,27.65,3房2廳2衛,36.8年,https://www.rakuya.com.tw/sell_item/info?ehid=0c3a7913343668a&from=list_regular
484,K3近捷運收租金雞母,蘆洲區民生街,1188,39.42萬/坪,公寓,30.14,5房4廳4衛,36.1年,https://store.rakuya.com.tw/0906653919
485,✌住商三和捷運✌王郁喬 ✌蘆洲永平華廈✌,蘆洲區永平街,1198,40.2萬/坪,電梯大廈,29.8,4房2廳2衛,28.4年,https://www.rakuya.com.tw/sell_item/info?ehid=0275f812991357a&from=list_regular
486,☆三民捷運邊間3F美寓☆捷運10分鐘㊣全新裝潢㊣四房邊間美寓,蘆洲區民權路,1168,38.23萬/坪,公寓,30.55,4房2廳2衛,38.5年,https://www.rakuya.com.tw/sell_item/info?ehid=0fe14311493381a&from=list_regular
487,徐匯站信義路收租屋,蘆洲區信義路,1430,40.72萬/坪,公寓,35.11,5房5衛,34.1年,https://vip.rakuya.com.tw/0935238989
488,三多利仁愛稀有面寬１樓,蘆洲區仁愛街,1280,,電梯大廈,28.35,3房2廳1衛,22.6年,https://www.rakuya.com.tw/sell_item/info?ehid=049765129986563&from=list_regular
489,蘆洲尼加拉瓜公園,蘆洲區集賢路,1200,30.58萬/坪,公寓,39.24,3房2廳2衛,32.4年,https://www.rakuya.com.tw/sell_item/info?ehid=03f8af131835723&from=list_regular
490,K012可停車住辦壹樓B,蘆洲區民族路,1480,69.89萬/坪,公寓,21.18,43.9年,1樓~1樓/4樓,https://www.rakuya.com.tw/sell_item/info?ehid=016f7313168655f&from=list_regular
491,127中山多功能住辦,蘆洲區中山一路,1380,52.57萬/坪,公寓,26.25,1廳1衛,34.8年,https://www.rakuya.com.tw/sell_item/info?ehid=0ed6df118924720&from=list_regular
492,A16微風美景三房車,蘆洲區環堤大道,1458,,電梯大廈,39.85,3房2廳2衛,27.2年,https://www.rakuya.com.tw/sell_item/info?ehid=0771a4128935096&from=list_regular
493,光晟團隊~邊間排高精美3房~成交最快,蘆洲區長安街,1188,38.56萬/坪,電梯大廈,30.81,3房2廳2衛,21.8年,https://www.rakuya.com.tw/sell_item/info?ehid=01a6a8120368833&from=list_regular
494,永安南景觀收租套房,蘆洲區永安南路,1398,,電梯大廈,47.35,4房4衛,18.4年,https://www.rakuya.com.tw/sell_item/info?ehid=02c729134372109&from=list_regular
495,K109三民高中可停車一樓,蘆洲區信義路,1228,55.23萬/坪,公寓,22.23,1衛,37.1年,https://www.rakuya.com.tw/sell_item/info?ehid=02076113373397c&from=list_regular
496,K550捷運收租高投報套房,蘆洲區永平街,1348,36.98萬/坪,公寓,36.45,5房5衛,33年,https://www.rakuya.com.tw/sell_item/info?ehid=04e52f13330129c&from=list_regular
497,A19蘆洲捷運2樓美寓,蘆洲區中正路,1098,40.86萬/坪,公寓,26.87,3房2廳2衛,41.5年,https://www.rakuya.com.tw/sell_item/info?ehid=047539131967229&from=list_regular
498,L008.蘆洲仁愛國小電梯大4房,蘆洲區仁愛街,1358,,電梯大廈,33.24,4房2廳2衛,27.8年,https://www.rakuya.com.tw/sell_item/info?ehid=097797122873262&from=list_regular
499,長安街宇宙城三房低總價高樓邊間採光佳蘆洲永慶,宇宙城蘆洲區長安街,1398,43.77萬/坪,電梯大廈,31.94,3房2廳2衛,23.5年,https://vip.rakuya.com.tw/0926567926
500,A713長安方正低公設電梯四,蘆洲區長安街,1480,34.37萬/坪,電梯大廈,43.06,4房2廳2衛,30.3年,https://www.rakuya.com.tw/sell_item/info?ehid=06bc3813477963b&from=list_regular
501,2003空大極品三樓,蘆洲區中正路,1128,46.4萬/坪,公寓,24.31,3房2廳2衛,46.4年,https://www.rakuya.com.tw/sell_item/info?ehid=018abc12978962e&from=list_regular
502,光晟團隊~厝不夠賣~三民捷運方正美寓~獨家,蘆洲區民權路,1028,37.92萬/坪,公寓,27.11,3房2廳1衛,37.4年,https://www.rakuya.com.tw/sell_item/info?ehid=0a1d9c129791041&from=list_regular
503,2006鷺江國小三樓,蘆洲區民族路,1038,37.24萬/坪,公寓,27.87,3房2廳2衛,34.6年,https://www.rakuya.com.tw/sell_item/info?ehid=05eb8913259251f&from=list_regular
504,B06徐匯捷運2樓新裝潢,蘆洲區信義路,1180,,公寓,23.66,3房2廳,47.4年,https://www.rakuya.com.tw/sell_item/info?ehid=07e641133850313&from=list_regular
505,蘆洲捷運靜巷美一樓,蘆洲區中正路,1450,,公寓,24.2,2房2廳1衛,42.2年,https://www.rakuya.com.tw/sell_item/info?ehid=0ba158133510114&from=list_regular
506,K12-捷運美寓大3房,蘆洲區民族路,1050,,公寓,34.68,3房2廳2衛,33年,https://www.rakuya.com.tw/sell_item/info?ehid=0c120e100644586&from=list_regular
507,K136佳瑪美3樓,蘆洲區中正路,1198,43.05萬/坪,公寓,27.83,3房2廳2衛,40.8年,https://www.rakuya.com.tw/sell_item/info?ehid=093d23115464448&from=list_regular
508,A50成功國小全新裝潢電梯四房,蘆洲區長安街,1480,,華廈,34.98,4房2廳2衛,22.2年,https://www.rakuya.com.tw/sell_item/info?ehid=03b7fc133606860&from=list_regular
509,金典高樓景觀三房,現代金典蘆洲區永安南路二段,1398,41.53萬/坪,電梯大廈,33.66,3房2廳2衛,22.2年,https://www.rakuya.com.tw/sell_item/info?ehid=0338ba13357631e&from=list_regular
510,A53民族精美3樓,蘆洲區民族路,1080,34.95萬/坪,公寓,30.9,3房2廳2衛,35.5年,https://www.rakuya.com.tw/sell_item/info?ehid=093450133294846&from=list_regular
511,K196-捷運民族住辧一樓,蘆洲區民族路,1480,,公寓,21.18,開放式格局,43.9年,https://www.rakuya.com.tw/sell_item/info?ehid=0061dd132314454&from=list_regular
512,K030永平方正大空間2樓,蘆洲區永平街,1280,37.65萬/坪,公寓,34,3房2廳1衛,31.4年,https://www.rakuya.com.tw/sell_item/info?ehid=080c78131406273&from=list_regular
513,成功國小精美收租4套房,蘆洲區長安街,1280,,公寓,33.06,4房4廳4衛,32.5年,https://www.rakuya.com.tw/sell_item/info?ehid=073b73110076508&from=list_regular
514,A49集賢三房大空間,蘆洲區中興街,1088,,公寓,32.17,3房2廳2衛,39.5年,https://www.rakuya.com.tw/sell_item/info?ehid=04e2fa130169937&from=list_regular
515,D11 成功大鎮採光4房,蘆洲區長安街,1480,42.3萬/坪,電梯大廈,34.99,4房2廳2衛,22.2年,https://www.rakuya.com.tw/sell_item/info?ehid=0c830813432914c&from=list_regular
516,K019佳瑪電梯收租王四房,蘆洲區中原路,1400,43.38萬/坪,電梯大廈,32.27,4房4衛,29.4年,https://www.rakuya.com.tw/sell_item/info?ehid=08316e110009931&from=list_regular
517,F89蘆洲站永平美寓,蘆洲區永平街,1198,,公寓,38.93,4房2廳2衛,31.5年,https://www.rakuya.com.tw/sell_item/info?ehid=0df14b10217466e&from=list_regular
518,K016湧蓮收租寶,蘆洲區正和街,1150,35.53萬/坪,公寓,32.37,6房1廳2衛,38.8年,https://www.rakuya.com.tw/sell_item/info?ehid=0fc7a912722598d&from=list_regular
519,A023徐匯捷運2F美寓,蘆洲區信義路,1180,49.88萬/坪,公寓,23.66,3房2廳1衛,47.4年,https://www.rakuya.com.tw/sell_item/info?ehid=048159135965093&from=list_regular
520,徐匯捷運邊間美寓,蘆洲區信義路,1158,37.51萬/坪,公寓,30.87,4房4衛,36.8年,https://www.rakuya.com.tw/sell_item/info?ehid=0a1789135651966&from=list_regular
521,長安美寓收租4套房,蘆洲區長安街,1198,,公寓,32.88,4房4衛,33.2年,https://www.rakuya.com.tw/sell_item/info?ehid=08344712266354f&from=list_regular
522,三民捷運學區2房車,蘆洲區民權路,1388,,電梯大廈,38.87,2房2廳2衛,18.9年,https://www.rakuya.com.tw/sell_item/info?ehid=01b0b3132315391&from=list_regular
523,K672捷運投報陽台大三套房,蘆洲區民族路,1180,40.41萬/坪,公寓,29.2,3房1廳3衛,32.7年,https://www.rakuya.com.tw/sell_item/info?ehid=0f95e9101489601&from=list_regular
524,152希望城市高樓1+1,蘆洲區三民路,1350,,電梯大廈,22.18,2房2廳1衛,5.6年,https://www.rakuya.com.tw/sell_item/info?ehid=02b29813384173a&from=list_regular
525,K087三民捷運2房車,蘆洲區民權路,1388,,電梯大廈,38.86,2房2廳2衛,18.9年,https://www.rakuya.com.tw/sell_item/info?ehid=01000013207760c&from=list_regular
526,K560徐匯捷運鼎佳美屋,蘆洲區三民路,1160,,公寓,30.02,3房2廳1衛,34.5年,https://www.rakuya.com.tw/sell_item/info?ehid=049ad7133450641&from=list_regular
527,D91三民捷運學區2房車,蘆洲區民權路,1388,,電梯大廈,38.63,2房2廳2衛,18.9年,https://www.rakuya.com.tw/sell_item/info?ehid=0a84d513127204c&from=list_regular
528,K767集賢路捷運一樓好停車,蘆洲區民族路,1280,49.78萬/坪,公寓,25.71,1房2廳1衛,40.2年,https://www.rakuya.com.tw/sell_item/info?ehid=0693dd129101659&from=list_regular
529,近仁愛國小美寓2樓,蘆洲區民族路,1090,,公寓,30.9,3房2廳2衛,35.5年,https://www.rakuya.com.tw/sell_item/info?ehid=02b6ea13305443f&from=list_regular
530,長安稀有華廈附空地一樓,蘆洲區長安街,1280,,華廈,29.06,3房2廳3衛,22.2年,https://www.rakuya.com.tw/sell_item/info?ehid=0fcbd8132934833&from=list_regular
